CHROM,WINDOW_START,WINDOW_STOP,GENE_BP,GENES_PER_MB,GD
1,1,500000,0.295736,988,0.295736
1,500001,1000000,0.194814,724,0.194814
1,1000001,1500000,0.229206,718,0.229206
1,1500001,2000000,0.014338,40,0.014338
1,2000001,2500000,0.235356,740,0.235356
1,2500001,3000000,0.096378,198,0.096378
1,3000001,3500000,0.184066,490,0.184066
1,3500001,4000000,0.017888,74,0.017888
1,4000001,4500000,0.231696,562,0.231696
1,4500001,5000000,0.294022,1062,0.294022
1,5000001,5500000,0.17553,474,0.17553
1,5500001,6000000,0.152302,300,0.152302
1,6000001,6500000,0.35109,1230,0.35109
1,6500001,7000000,0.02922,130,0.02922
1,7000001,7500000,0.426196,1178,0.426196
1,7500001,8000000,0.132486,296,0.132486
1,8000001,8500000,0.224,506,0.224
1,8500001,9000000,0.201124,694,0.201124
1,9000001,9500000,0.028398,12,0.028398
1,9500001,10000000,0.093066,528,0.093066
1,10000001,10500000,0.166408,1042,0.166408
1,10500001,11000000,0.25493,924,0.25493
1,11000001,11500000,0.07387,64,0.07387
1,11500001,12000000,0.006858,18,0.006858
1,12000001,12500000,0.014264,10,0.014264
1,12500001,13000000,0.076468,422,0.076468
1,13000001,13500000,0.444898,600,0.444898
1,13500001,14000000,0.199064,364,0.199064
1,14000001,14500000,0.13792,398,0.13792
1,14500001,15000000,0.22265,620,0.22265
1,15000001,15500000,0.256096,1042,0.256096
1,15500001,16000000,0.144318,474,0.144318
1,16000001,16500000,0.135746,370,0.135746
1,16500001,17000000,0.067746,192,0.067746
1,17000001,17500000,0.11964,276,0.11964
1,17500001,18000000,0.148848,338,0.148848
1,18000001,18500000,0.117462,142,0.117462
1,18500001,19000000,0.071244,94,0.071244
1,19000001,19500000,0.141628,330,0.141628
1,19500001,20000000,0.150196,410,0.150196
1,20000001,20500000,0.011764,38,0.011764
1,20500001,21000000,0.04217,126,0.04217
1,21000001,21500000,0.104112,154,0.104112
1,21500001,22000000,0.044388,48,0.044388
1,22000001,22500000,0,0,0
1,22500001,23000000,0.03577,48,0.03577
1,23000001,23500000,0.125326,374,0.125326
1,23500001,24000000,0.09607,150,0.09607
1,24000001,24500000,0.165574,806,0.165574
1,24500001,25000000,0.082354,176,0.082354
1,25000001,25500000,0.31243,1564,0.31243
1,25500001,26000000,0.24403,842,0.24403
1,26000001,26500000,0.077992,284,0.077992
1,26500001,27000000,0.278616,854,0.278616
1,27000001,27500000,0.059062,72,0.059062
1,27500001,28000000,0.094556,326,0.094556
1,28000001,28500000,0.17075,302,0.17075
1,28500001,29000000,0.022932,64,0.022932
1,29000001,29500000,0.330372,1308,0.330372
1,29500001,30000000,0.145016,500,0.145016
1,30000001,30500000,0.175546,760,0.175546
1,30500001,31000000,0.390064,1242,0.390064
1,31000001,31500000,0.173518,504,0.173518
1,31500001,32000000,0.019658,54,0.019658
1,32000001,32500000,0.114418,712,0.114418
1,32500001,33000000,0.26343,872,0.26343
1,33000001,33500000,0.105948,296,0.105948
1,33500001,34000000,0.302088,708,0.302088
1,34000001,34500000,0.080004,138,0.080004
1,34500001,35000000,0.253972,394,0.253972
1,35000001,35500000,0.028734,34,0.028734
1,35500001,36000000,0,0,0
1,36000001,36500000,0.009426,12,0.009426
1,36500001,37000000,0.016266,28,0.016266
1,37000001,37500000,0.089538,430,0.089538
1,37500001,38000000,0.1187,486,0.1187
1,38000001,38500000,0.046938,110,0.046938
1,38500001,39000000,0.079308,142,0.079308
1,39000001,39500000,0.356346,2438,0.356346
1,39500001,40000000,0.1407,228,0.1407
1,40000001,40500000,0.14603,616,0.14603
1,40500001,41000000,0.136696,188,0.136696
1,41000001,41500000,0.004744,24,0.004744
1,41500001,42000000,0.058654,38,0.058654
1,42000001,42500000,0.053992,138,0.053992
1,42500001,43000000,0,0,0
1,43000001,43500000,0.001904,6,0.001904
1,43500001,44000000,0.020174,20,0.020174
1,44000001,44500000,0.016056,32,0.016056
1,44500001,45000000,0.002946,6,0.002946
1,45000001,45500000,0.008428,8,0.008428
1,45500001,46000000,0.004074,22,0.004074
1,46000001,46500000,0,0,0
1,46500001,47000000,0.017888,44,0.017888
1,47000001,47500000,0.066566,310,0.066566
1,47500001,48000000,0.032658,70,0.032658
1,48000001,48500000,0.510452,2472,0.510452
1,48500001,49000000,0.336942,1764,0.336942
1,49000001,49500000,0.024516,130,0.024516
1,49500001,50000000,0.283298,286,0.283298
1,50000001,50500000,0.028148,48,0.028148
1,50500001,51000000,0.036862,106,0.036862
1,51000001,51500000,0.020538,22,0.020538
1,51500001,52000000,0.001214,6,0.001214
1,52000001,52500000,0.084124,36,0.084124
1,52500001,53000000,0.017224,24,0.017224
1,53000001,53500000,0.023962,14,0.023962
1,53500001,54000000,0.00532,12,0.00532
1,54000001,54500000,0.0046,12,0.0046
1,54500001,55000000,0.021512,22,0.021512
1,55000001,55500000,0.11729,424,0.11729
1,55500001,56000000,0.003084,6,0.003084
1,56000001,56500000,0.18377,138,0.18377
1,56500001,57000000,0,0,0
1,57000001,57500000,0,0,0
1,57500001,58000000,6.26e-4,6,6.26e-4
1,58000001,58500000,0.112428,320,0.112428
1,58500001,59000000,0.176626,480,0.176626
1,59000001,59500000,0.22558,454,0.22558
1,59500001,60000000,0.114118,158,0.114118
1,60000001,60500000,0.118508,324,0.118508
1,60500001,61000000,0.211224,888,0.211224
1,61000001,61500000,0.09969,282,0.09969
1,61500001,62000000,0.396494,1386,0.396494
1,62000001,62500000,0.219494,226,0.219494
1,62500001,63000000,0.41155,1340,0.41155
1,63000001,63500000,0.068604,284,0.068604
1,63500001,64000000,0.106664,348,0.106664
1,64000001,64500000,0.140954,760,0.140954
1,64500001,65000000,0.260846,1648,0.260846
1,65000001,65500000,0.158744,414,0.158744
1,65500001,66000000,0.093418,570,0.093418
1,66000001,66500000,0.02212,108,0.02212
1,66500001,67000000,0.550278,2048,0.550278
1,67000001,67500000,0.29097,632,0.29097
1,67500001,68000000,0.254906,416,0.254906
1,68000001,68500000,0.145582,506,0.145582
1,68500001,69000000,0.167204,424,0.167204
1,69000001,69500000,0.132094,448,0.132094
1,69500001,70000000,0.245664,434,0.245664
1,70000001,70500000,0.019846,82,0.019846
1,70500001,71000000,0.145198,310,0.145198
1,71000001,71500000,0.357716,872,0.357716
1,71500001,72000000,0.194084,452,0.194084
1,72000001,72500000,0.107576,102,0.107576
1,72500001,73000000,0.250018,1070,0.250018
1,73000001,73500000,0.416978,404,0.416978
1,73500001,74000000,0.051548,134,0.051548
1,74000001,74500000,0.174232,940,0.174232
1,74500001,75000000,0.169266,490,0.169266
1,75000001,75500000,0.095032,204,0.095032
1,75500001,76000000,0.020994,144,0.020994
1,76000001,76500000,0.00638,12,0.00638
1,76500001,77000000,0.019756,40,0.019756
1,77000001,77500000,0.200538,466,0.200538
1,77500001,78000000,0.292952,952,0.292952
1,78000001,78500000,0.421368,902,0.421368
1,78500001,79000000,0.093028,72,0.093028
1,79000001,79500000,0.083386,144,0.083386
1,79500001,80000000,0.124884,210,0.124884
1,80000001,80500000,0.04194,76,0.04194
1,80500001,81000000,0.355522,920,0.355522
1,81000001,81500000,0.349978,980,0.349978
1,81500001,82000000,0.039206,156,0.039206
1,82000001,82500000,0.204166,846,0.204166
1,82500001,83000000,0.001924,2,0.001924
1,83000001,83500000,4.3e-4,6,4.3e-4
1,83500001,84000000,0.039532,196,0.039532
1,84000001,84500000,0.37092,972,0.37092
1,84500001,85000000,0.406664,1184,0.406664
1,85000001,85500000,0.262572,1056,0.262572
1,85500001,86000000,0.373192,802,0.373192
1,86000001,86500000,0.15965,424,0.15965
1,86500001,87000000,0.45855,1946,0.45855
1,87000001,87500000,0.44693,1358,0.44693
1,87500001,88000000,0.496922,1440,0.496922
1,88000001,88500000,0.239,236,0.239
1,88500001,89000000,0.603768,2056,0.603768
1,89000001,89500000,0.159198,496,0.159198
1,89500001,90000000,0.22093,478,0.22093
1,90000001,90500000,0.205214,588,0.205214
1,90500001,91000000,0.045198,76,0.045198
1,91000001,91500000,8.44e-4,8,8.44e-4
1,91500001,92000000,0.09472,100,0.09472
1,92000001,92500000,0.066102,484,0.066102
1,92500001,93000000,0.391312,1684,0.391312
1,93000001,93500000,0.123806,350,0.123806
1,93500001,94000000,0.298728,618,0.298728
1,94000001,94500000,0.200468,608,0.200468
1,94500001,95000000,0.542372,3540,0.542372
1,95000001,95500000,0.044614,192,0.044614
1,95500001,96000000,0.01017,34,0.01017
1,96000001,96500000,0.057602,190,0.057602
1,96500001,97000000,0.617348,706,0.617348
1,97000001,97500000,0.04199,120,0.04199
1,97500001,98000000,0.133044,338,0.133044
1,98000001,98500000,0.491568,1700,0.491568
1,98500001,99000000,0.035748,220,0.035748
1,99000001,99500000,0.002624,6,0.002624
1,99500001,100000000,0.007956,50,0.007956
1,100000001,100500000,0.013996,12,0.013996
1,100500001,101000000,0.00864,70,0.00864
1,101000001,101500000,0.137532,340,0.137532
1,101500001,102000000,0.268422,906,0.268422
1,102000001,102500000,0.226086,1162,0.226086
1,102500001,103000000,0.044934,80,0.044934
1,103000001,103500000,0.125778,178,0.125778
1,103500001,104000000,0.05108,126,0.05108
1,104000001,104500000,0.007428,22,0.007428
1,104500001,105000000,0.164426,396,0.164426
1,105000001,105500000,0.052228,318,0.052228
1,105500001,106000000,0.00424,20,0.00424
1,106000001,106500000,0.024552,82,0.024552
1,106500001,107000000,0.01866,30,0.01866
1,107000001,107500000,0.004912,14,0.004912
1,107500001,108000000,0.070734,74,0.070734
1,108000001,108500000,0.041404,44,0.041404
1,108500001,109000000,0.43651,570,0.43651
1,109000001,109500000,0.202394,390,0.202394
1,109500001,110000000,0.345646,956,0.345646
1,110000001,110500000,0.13006,210,0.13006
1,110500001,111000000,0.00549,20,0.00549
1,111000001,111500000,0.133986,334,0.133986
1,111500001,112000000,0.095704,90,0.095704
1,112000001,112500000,0.062186,162,0.062186
1,112500001,113000000,0.184564,536,0.184564
1,113000001,113500000,0.162484,642,0.162484
1,113500001,114000000,0.489716,1938,0.489716
1,114000001,114500000,0.0277,110,0.0277
2,1,500000,0.249316,782,0.249316
2,500001,1000000,0.081556,300,0.081556
2,1000001,1500000,0.145546,580,0.145546
2,1500001,2000000,0.032644,32,0.032644
2,2000001,2500000,0.392754,924,0.392754
2,2500001,3000000,0.076996,356,0.076996
2,3000001,3500000,0.061788,416,0.061788
2,3500001,4000000,0.032688,174,0.032688
2,4000001,4500000,0.33268,838,0.33268
2,4500001,5000000,0.095744,228,0.095744
2,5000001,5500000,0.141174,266,0.141174
2,5500001,6000000,0.079822,382,0.079822
2,6000001,6500000,0.340384,1214,0.340384
2,6500001,7000000,0.012952,16,0.012952
2,7000001,7500000,0.051336,248,0.051336
2,7500001,8000000,0.068484,102,0.068484
2,8000001,8500000,0.180016,258,0.180016
2,8500001,9000000,0.010398,46,0.010398
2,9000001,9500000,0.128436,408,0.128436
2,9500001,10000000,0.182294,826,0.182294
2,10000001,10500000,0.136854,310,0.136854
2,10500001,11000000,0.001688,8,0.001688
2,11000001,11500000,0.031642000000000003,240,0.031642000000000003
2,11500001,12000000,0.04663,44,0.04663
2,12000001,12500000,0.019502,42,0.019502
2,12500001,13000000,0.212014,374,0.212014
2,13000001,13500000,0.11117,478,0.11117
2,13500001,14000000,0.10251,310,0.10251
2,14000001,14500000,0.206338,496,0.206338
2,14500001,15000000,0.485004,1778,0.485004
2,15000001,15500000,0.114818,210,0.114818
2,15500001,16000000,0.252064,770,0.252064
2,16000001,16500000,0.18957,870,0.18957
2,16500001,17000000,0.510834,978,0.510834
2,17000001,17500000,0.131964,482,0.131964
2,17500001,18000000,0.088412,414,0.088412
2,18000001,18500000,0.282568,1162,0.282568
2,18500001,19000000,0.191382,208,0.191382
2,19000001,19500000,0.249362,750,0.249362
2,19500001,20000000,0.476464,1088,0.476464
2,20000001,20500000,0.13982,378,0.13982
2,20500001,21000000,0.164364,570,0.164364
2,21000001,21500000,0.09682,366,0.09682
2,21500001,22000000,0.128862,138,0.128862
2,22000001,22500000,0.122638,346,0.122638
2,22500001,23000000,0.31002999999999997,1296,0.31002999999999997
2,23000001,23500000,0.134192,320,0.134192
2,23500001,24000000,0.101754,364,0.101754
2,24000001,24500000,0.170576,490,0.170576
2,24500001,25000000,0.016026,132,0.016026
2,25000001,25500000,0.192636,986,0.192636
2,25500001,26000000,0.015376,12,0.015376
2,26000001,26500000,0.004824,38,0.004824
2,26500001,27000000,0.255338,936,0.255338
2,27000001,27500000,0.141552,492,0.141552
2,27500001,28000000,0.103728,258,0.103728
2,28000001,28500000,0.038952,364,0.038952
2,28500001,29000000,0.120106,306,0.120106
2,29000001,29500000,0.107332,348,0.107332
2,29500001,30000000,0.28325,798,0.28325
2,30000001,30500000,0.063666,136,0.063666
2,30500001,31000000,0.086138,344,0.086138
2,31000001,31500000,0.118982,260,0.118982
2,31500001,32000000,0.120478,316,0.120478
2,32000001,32500000,0.245452,536,0.245452
2,32500001,33000000,0.184126,472,0.184126
2,33000001,33500000,0.13343,202,0.13343
2,33500001,34000000,0.044026,236,0.044026
2,34000001,34500000,0.065154,182,0.065154
2,34500001,35000000,0.258838,740,0.258838
2,35000001,35500000,0.12769,508,0.12769
2,35500001,36000000,0.037154,142,0.037154
2,36000001,36500000,0.047588,186,0.047588
2,36500001,37000000,0.058344,128,0.058344
2,37000001,37500000,0.002964,16,0.002964
2,37500001,38000000,0.12271,208,0.12271
2,38000001,38500000,0.054678,276,0.054678
2,38500001,39000000,0.175202,324,0.175202
2,39000001,39500000,0.187328,646,0.187328
2,39500001,40000000,0.011694,50,0.011694
2,40000001,40500000,0.037248,132,0.037248
2,40500001,41000000,0.303668,646,0.303668
2,41000001,41500000,0.104756,338,0.104756
2,41500001,42000000,0.305658,758,0.305658
2,42000001,42500000,0.21619,1184,0.21619
2,42500001,43000000,0.067216,362,0.067216
2,43000001,43500000,0.225358,858,0.225358
2,43500001,44000000,0.179374,414,0.179374
2,44000001,44500000,0.26233,910,0.26233
2,44500001,45000000,0.13402,412,0.13402
2,45000001,45500000,0.239892,750,0.239892
2,45500001,46000000,0.07386,272,0.07386
2,46000001,46500000,0.239586,448,0.239586
2,46500001,47000000,0.080098,364,0.080098
2,47000001,47500000,0.15759,408,0.15759
2,47500001,48000000,0.11627,702,0.11627
2,48000001,48500000,0.004434,28,0.004434
2,48500001,49000000,0.591034,2912,0.591034
2,49000001,49500000,0.158314,534,0.158314
2,49500001,50000000,0.003128,18,0.003128
2,50000001,50500000,0.001652,2,0.001652
2,50500001,51000000,0.019532,110,0.019532
2,51000001,51500000,0.088768,210,0.088768
2,51500001,52000000,0.174962,450,0.174962
2,52000001,52500000,0.070198,406,0.070198
2,52500001,53000000,0.089242,122,0.089242
2,53000001,53500000,0.163838,452,0.163838
2,53500001,54000000,0.250008,916,0.250008
2,54000001,54500000,0.06034,316,0.06034
2,54500001,55000000,0.218392,1076,0.218392
2,55000001,55500000,0.012422,52,0.012422
2,55500001,56000000,0.04217,90,0.04217
2,56000001,56500000,0.165192,498,0.165192
2,56500001,57000000,0.254722,770,0.254722
2,57000001,57500000,0.084572,296,0.084572
2,57500001,58000000,0.058022,32,0.058022
2,58000001,58500000,0.126008,510,0.126008
2,58500001,59000000,0.156462,68,0.156462
2,59000001,59500000,0.044046,38,0.044046
2,59500001,60000000,0.051274,156,0.051274
2,60000001,60500000,0.106782,96,0.106782
2,60500001,61000000,0.153576,756,0.153576
2,61000001,61500000,0.032156,56,0.032156
2,61500001,62000000,0.242972,286,0.242972
2,62000001,62500000,0.112876,550,0.112876
2,62500001,63000000,0.172658,554,0.172658
2,63000001,63500000,0.342184,322,0.342184
2,63500001,64000000,0.159488,398,0.159488
2,64000001,64500000,0.043994,158,0.043994
2,64500001,65000000,0.03383,100,0.03383
2,65000001,65500000,0.281134,632,0.281134
2,65500001,66000000,0.070624,248,0.070624
2,66000001,66500000,0.269364,266,0.269364
2,66500001,67000000,0.09517,248,0.09517
2,67000001,67500000,0.017022,68,0.017022
2,67500001,68000000,0.012716,62,0.012716
2,68000001,68500000,0.160012,374,0.160012
2,68500001,69000000,0.171486,800,0.171486
2,69000001,69500000,0.090598,112,0.090598
2,69500001,70000000,0.281412,748,0.281412
2,70000001,70500000,0.039352,98,0.039352
2,70500001,71000000,0,0,0
2,71000001,71500000,0.002016,10,0.002016
2,71500001,72000000,0.040994,94,0.040994
2,72000001,72500000,0.009512,22,0.009512
2,72500001,73000000,0.072088,266,0.072088
2,73000001,73500000,0.01663,34,0.01663
2,73500001,74000000,0.040442,144,0.040442
2,74000001,74500000,0.019616,20,0.019616
2,74500001,75000000,0.017452,56,0.017452
2,75000001,75500000,0.329632,590,0.329632
2,75500001,76000000,0.16485,318,0.16485
2,76000001,76500000,0.065926,44,0.065926
2,76500001,77000000,0.015034,38,0.015034
2,77000001,77500000,0.072984,176,0.072984
2,77500001,78000000,0.163342,546,0.163342
2,78000001,78500000,0.03392,168,0.03392
2,78500001,79000000,0.011076,28,0.011076
2,79000001,79500000,0.023728,124,0.023728
2,79500001,80000000,0.079736,216,0.079736
2,80000001,80500000,0.130024,412,0.130024
2,80500001,81000000,0.059316,166,0.059316
2,81000001,81500000,0.062832,262,0.062832
2,81500001,82000000,0.18404,358,0.18404
2,82000001,82500000,0.072006,316,0.072006
2,82500001,83000000,0.009162,54,0.009162
2,83000001,83500000,0.005904,14,0.005904
2,83500001,84000000,0.018328,34,0.018328
2,84000001,84500000,0,0,0
2,84500001,85000000,0.031284,70,0.031284
2,85000001,85500000,0.523734,570,0.523734
2,85500001,86000000,0.11301,190,0.11301
2,86000001,86500000,0.17461,472,0.17461
2,86500001,87000000,0.034094,110,0.034094
2,87000001,87500000,0.13876,588,0.13876
2,87500001,88000000,0.166512,442,0.166512
2,88000001,88500000,0.007932,18,0.007932
2,88500001,89000000,0.009596,18,0.009596
2,89000001,89500000,0.003564,10,0.003564
2,89500001,90000000,0.10728,326,0.10728
2,90000001,90500000,0.077742,238,0.077742
2,90500001,91000000,0.17091,660,0.17091
2,91000001,91500000,0.066162,144,0.066162
2,91500001,92000000,0.101302,564,0.101302
2,92000001,92500000,0.200896,774,0.200896
2,92500001,93000000,0.06206,100,0.06206
2,93000001,93500000,0.200502,184,0.200502
2,93500001,94000000,0.222964,726,0.222964
2,94000001,94500000,0.017146,70,0.017146
2,94500001,95000000,0,0,0
2,95000001,95500000,0.077962,252,0.077962
2,95500001,96000000,0.044022,116,0.044022
2,96000001,96500000,0.028416,94,0.028416
2,96500001,97000000,0.154116,156,0.154116
2,97000001,97500000,0.042656,168,0.042656
2,97500001,98000000,0.00424,10,0.00424
2,98000001,98500000,0.208838,208,0.208838
2,98500001,99000000,0.225242,734,0.225242
2,99000001,99500000,0.120186,272,0.120186
2,99500001,100000000,0.1869,946,0.1869
2,100000001,100500000,0.153102,476,0.153102
2,100500001,101000000,0.121138,662,0.121138
2,101000001,101500000,0.068878,242,0.068878
2,101500001,102000000,0.284086,976,0.284086
2,102000001,102500000,0.19616,266,0.19616
2,102500001,103000000,0.384596,1388,0.384596
2,103000001,103500000,0.005316,12,0.005316
2,103500001,104000000,0.082524,408,0.082524
2,104000001,104500000,0.461852,1496,0.461852
2,104500001,105000000,0.133058,646,0.133058
2,105000001,105500000,0.099352,398,0.099352
2,105500001,106000000,0.129694,226,0.129694
2,106000001,106500000,0.10453,210,0.10453
2,106500001,107000000,0.019786,68,0.019786
2,107000001,107500000,0.033954,54,0.033954
2,107500001,108000000,0.078532,216,0.078532
2,108000001,108500000,0.20385,622,0.20385
2,108500001,109000000,0.112324,172,0.112324
2,109000001,109500000,0.235592,1084,0.235592
2,109500001,110000000,0.167982,988,0.167982
2,110000001,110500000,0.039974,48,0.039974
2,110500001,111000000,0.015742,36,0.015742
2,111000001,111500000,0.063554,208,0.063554
2,111500001,112000000,0.08462,206,0.08462
2,112000001,112500000,0.106318,360,0.106318
2,112500001,113000000,0.24796,426,0.24796
2,113000001,113500000,0.055794,108,0.055794
2,113500001,114000000,0.103338,380,0.103338
2,114000001,114500000,0.039566,84,0.039566
2,114500001,115000000,0.152146,468,0.152146
2,115000001,115500000,0.35141,1006,0.35141
2,115500001,116000000,0.064126,104,0.064126
2,116000001,116500000,0.033508,32,0.033508
2,116500001,117000000,0.211416,594,0.211416
2,117000001,117500000,0.23851,1078,0.23851
2,117500001,118000000,0.083652,292,0.083652
2,118000001,118500000,0.146766,538,0.146766
2,118500001,119000000,0.109324,372,0.109324
2,119000001,119500000,0.106628,378,0.106628
2,119500001,120000000,0.15186,334,0.15186
2,120000001,120500000,0.07149,172,0.07149
2,120500001,121000000,0.014094,62,0.014094
2,121000001,121500000,0.119976,94,0.119976
2,121500001,122000000,0.012238,12,0.012238
2,122000001,122500000,0.043472,82,0.043472
2,122500001,123000000,0.29739,298,0.29739
2,123000001,123500000,0.04458,136,0.04458
2,123500001,124000000,0.012334,30,0.012334
2,124000001,124500000,0.1347,398,0.1347
2,124500001,125000000,0.162118,606,0.162118
2,125000001,125500000,0.033252,46,0.033252
2,125500001,126000000,0.084104,304,0.084104
2,126000001,126500000,0.103986,286,0.103986
2,126500001,127000000,0.084936,176,0.084936
2,127000001,127500000,0.369476,480,0.369476
2,127500001,128000000,0.323634,596,0.323634
2,128000001,128500000,0.129268,378,0.129268
2,128500001,129000000,0.046428,158,0.046428
2,129000001,129500000,0.145338,572,0.145338
2,129500001,130000000,0.259644,1138,0.259644
2,130000001,130500000,0.473818,1112,0.473818
2,130500001,131000000,0.367236,1442,0.367236
2,131000001,131500000,0.278294,1094,0.278294
2,131500001,132000000,0.43272,1406,0.43272
2,132000001,132500000,0.028482,98,0.028482
2,132500001,133000000,0.149616,342,0.149616
2,133000001,133500000,0.021826,100,0.021826
2,133500001,134000000,0.097088,156,0.097088
2,134000001,134500000,0,0,0
2,134500001,135000000,0.082812,482,0.082812
2,135000001,135500000,0.03874,222,0.03874
2,135500001,136000000,0,0,0
2,136000001,136500000,0.058714,38,0.058714
2,136500001,137000000,0.017818,82,0.017818
2,137000001,137500000,0.02481,40,0.02481
2,137500001,138000000,0.252104,1060,0.252104
2,138000001,138500000,0.17031,800,0.17031
2,138500001,139000000,0.011924,14,0.011924
2,139000001,139500000,0.313982,856,0.313982
2,139500001,140000000,0.252714,928,0.252714
2,140000001,140500000,0.009104,24,0.009104
2,140500001,141000000,0.043334,36,0.043334
2,141000001,141500000,0.01241,42,0.01241
2,141500001,142000000,0.072716,338,0.072716
2,142000001,142500000,0.046554,52,0.046554
2,142500001,143000000,0.218962,834,0.218962
2,143000001,143500000,0.070408,220,0.070408
2,143500001,144000000,0.050878,78,0.050878
2,144000001,144500000,0.014144,46,0.014144
2,144500001,145000000,0.005906,12,0.005906
2,145000001,145500000,0.181102,230,0.181102
2,145500001,146000000,0.020424,150,0.020424
2,146000001,146500000,0.053836,60,0.053836
2,146500001,147000000,0.235104,1036,0.235104
2,147000001,147500000,0.135244,178,0.135244
2,147500001,148000000,0.031368,64,0.031368
2,148000001,148500000,0.028074000000000002,342,0.028074000000000002
2,148500001,149000000,0.144516,660,0.144516
2,149000001,149500000,0.098584,324,0.098584
2,149500001,150000000,0.153202,546,0.153202
2,150000001,150500000,0.15495,512,0.15495
3,1,500000,0.31674,1014,0.31674
3,500001,1000000,0.165746,480,0.165746
3,1000001,1500000,0.505262,2066,0.505262
3,1500001,2000000,0.599934,1804,0.599934
3,2000001,2500000,0.236456,616,0.236456
3,2500001,3000000,0.1983,196,0.1983
3,3000001,3500000,0.168654,880,0.168654
3,3500001,4000000,0.350974,2162,0.350974
3,4000001,4500000,0.041006,88,0.041006
3,4500001,5000000,0.07232,658,0.07232
3,5000001,5500000,0.297366,614,0.297366
3,5500001,6000000,0.04517,122,0.04517
3,6000001,6500000,0.145768,746,0.145768
3,6500001,7000000,0.044526,52,0.044526
3,7000001,7500000,0.088016,384,0.088016
3,7500001,8000000,0.147796,494,0.147796
3,8000001,8500000,0.0245,36,0.0245
3,8500001,9000000,0.024628,74,0.024628
3,9000001,9500000,0.317804,320,0.317804
3,9500001,10000000,0.26069,1004,0.26069
3,10000001,10500000,0.235264,932,0.235264
3,10500001,11000000,0.426732,808,0.426732
3,11000001,11500000,0.397206,1824,0.397206
3,11500001,12000000,0.18465,504,0.18465
3,12000001,12500000,0.148668,750,0.148668
3,12500001,13000000,0.02777,32,0.02777
3,13000001,13500000,0.246134,876,0.246134
3,13500001,14000000,0.289312,388,0.289312
3,14000001,14500000,0.229464,514,0.229464
3,14500001,15000000,0.13579,450,0.13579
3,15000001,15500000,0.101572,200,0.101572
3,15500001,16000000,0.216042,1122,0.216042
3,16000001,16500000,0.336954,806,0.336954
3,16500001,17000000,0.3564,930,0.3564
3,17000001,17500000,0.212842,708,0.212842
3,17500001,18000000,0.008118,16,0.008118
3,18000001,18500000,0.243,998,0.243
3,18500001,19000000,0.014786,34,0.014786
3,19000001,19500000,0.033206,106,0.033206
3,19500001,20000000,0.136312,262,0.136312
3,20000001,20500000,0.159564,508,0.159564
3,20500001,21000000,0.1574,278,0.1574
3,21000001,21500000,0.095234,214,0.095234
3,21500001,22000000,0.408764,888,0.408764
3,22000001,22500000,0.162194,242,0.162194
3,22500001,23000000,0.299092,948,0.299092
3,23000001,23500000,0.110274,444,0.110274
3,23500001,24000000,0.06512,166,0.06512
3,24000001,24500000,0.11456,142,0.11456
3,24500001,25000000,0.279354,1374,0.279354
3,25000001,25500000,0.095402,452,0.095402
3,25500001,26000000,0.072048,156,0.072048
3,26000001,26500000,0.11434,310,0.11434
3,26500001,27000000,0.560162,554,0.560162
3,27000001,27500000,0.04333,52,0.04333
3,27500001,28000000,0.094358,118,0.094358
3,28000001,28500000,0.18608,1194,0.18608
3,28500001,29000000,0.083264,232,0.083264
3,29000001,29500000,0.134598,540,0.134598
3,29500001,30000000,0.272896,710,0.272896
3,30000001,30500000,0.046078,124,0.046078
3,30500001,31000000,0.492722,2038,0.492722
3,31000001,31500000,0.107346,198,0.107346
3,31500001,32000000,0.093476,244,0.093476
3,32000001,32500000,0.02881,26,0.02881
3,32500001,33000000,0.164568,198,0.164568
3,33000001,33500000,0.3064,1028,0.3064
3,33500001,34000000,0.156872,424,0.156872
3,34000001,34500000,0.007848,22,0.007848
3,34500001,35000000,0.045166,108,0.045166
3,35000001,35500000,0.433506,1040,0.433506
3,35500001,36000000,0.154592,654,0.154592
3,36000001,36500000,0.371518,1260,0.371518
3,36500001,37000000,0.128112,698,0.128112
3,37000001,37500000,0.00713,34,0.00713
3,37500001,38000000,0.21019,270,0.21019
3,38000001,38500000,0.004856,34,0.004856
3,38500001,39000000,0.112916,304,0.112916
3,39000001,39500000,0.044194,186,0.044194
3,39500001,40000000,0.367662,1574,0.367662
3,40000001,40500000,0.08434,334,0.08434
3,40500001,41000000,0.057674,306,0.057674
3,41000001,41500000,0.127774,350,0.127774
3,41500001,42000000,0.130184,422,0.130184
3,42000001,42500000,0.121498,276,0.121498
3,42500001,43000000,0.113404,330,0.113404
3,43000001,43500000,0.12544,220,0.12544
3,43500001,44000000,0.098238,138,0.098238
3,44000001,44500000,0.22439,732,0.22439
3,44500001,45000000,0.211814,1060,0.211814
3,45000001,45500000,0.103956,672,0.103956
3,45500001,46000000,0.171766,66,0.171766
3,46000001,46500000,0.135548,624,0.135548
3,46500001,47000000,0.294948,636,0.294948
3,47000001,47500000,0.023056,134,0.023056
3,47500001,48000000,0.204154,642,0.204154
3,48000001,48500000,0.221922,254,0.221922
3,48500001,49000000,0.166116,620,0.166116
3,49000001,49500000,0.366382,1192,0.366382
3,49500001,50000000,0.10533,240,0.10533
3,50000001,50500000,0.491818,816,0.491818
3,50500001,51000000,0.125716,154,0.125716
3,51000001,51500000,0.012454,14,0.012454
3,51500001,52000000,0.219962,378,0.219962
3,52000001,52500000,0.17531,386,0.17531
3,52500001,53000000,0.198414,682,0.198414
3,53000001,53500000,0.074938,194,0.074938
3,53500001,54000000,0.00901,26,0.00901
3,54000001,54500000,0.14033,504,0.14033
3,54500001,55000000,0.070706,142,0.070706
3,55000001,55500000,0.164632,474,0.164632
3,55500001,56000000,0.268312,604,0.268312
3,56000001,56500000,0.123518,360,0.123518
3,56500001,57000000,0.118162,554,0.118162
3,57000001,57500000,0.17126,652,0.17126
3,57500001,58000000,0.227668,700,0.227668
3,58000001,58500000,0.059214,296,0.059214
3,58500001,59000000,0.118082,446,0.118082
3,59000001,59500000,0.26045,1016,0.26045
3,59500001,60000000,0.082694,416,0.082694
3,60000001,60500000,0.188296,934,0.188296
3,60500001,61000000,0.171792,222,0.171792
3,61000001,61500000,0.111678,282,0.111678
3,61500001,62000000,0.058534,114,0.058534
3,62000001,62500000,0.123502,472,0.123502
3,62500001,63000000,0.086768,268,0.086768
3,63000001,63500000,0.068766,312,0.068766
3,63500001,64000000,0.009222,16,0.009222
3,64000001,64500000,0.251292,468,0.251292
3,64500001,65000000,0.162792,708,0.162792
3,65000001,65500000,0.175966,318,0.175966
3,65500001,66000000,0.002638,6,0.002638
3,66000001,66500000,0.042682,58,0.042682
3,66500001,67000000,0.009168,26,0.009168
3,67000001,67500000,0.11702,484,0.11702
3,67500001,68000000,0.150418,322,0.150418
3,68000001,68500000,0.383186,1306,0.383186
3,68500001,69000000,0.463974,756,0.463974
3,69000001,69500000,0.115872,160,0.115872
3,69500001,70000000,0.344434,638,0.344434
3,70000001,70500000,0.179252,164,0.179252
3,70500001,71000000,0.053344,148,0.053344
3,71000001,71500000,0.038358,22,0.038358
3,71500001,72000000,0.067954,254,0.067954
3,72000001,72500000,0.059222,220,0.059222
3,72500001,73000000,0.111754,266,0.111754
3,73000001,73500000,0.182826,266,0.182826
3,73500001,74000000,0.00127,8,0.00127
3,74000001,74500000,0.15465,380,0.15465
3,74500001,75000000,0.10544,186,0.10544
3,75000001,75500000,0.021064,60,0.021064
3,75500001,76000000,0.084826,206,0.084826
3,76000001,76500000,0.014832,20,0.014832
3,76500001,77000000,0.1135,300,0.1135
3,77000001,77500000,0.453078,1808,0.453078
3,77500001,78000000,0.28476,468,0.28476
3,78000001,78500000,0.176366,376,0.176366
3,78500001,79000000,0.051684,242,0.051684
3,79000001,79500000,0.254844,1152,0.254844
3,79500001,80000000,0.186476,826,0.186476
3,80000001,80500000,0.03059,38,0.03059
3,80500001,81000000,0.142878,384,0.142878
3,81000001,81500000,0.122246,478,0.122246
3,81500001,82000000,0.044708,36,0.044708
3,82000001,82500000,0.29885,1154,0.29885
3,82500001,83000000,0.031962,90,0.031962
3,83000001,83500000,0.090694,274,0.090694
3,83500001,84000000,0.280406,1088,0.280406
3,84000001,84500000,0.17566,446,0.17566
3,84500001,85000000,0.107524,902,0.107524
3,85000001,85500000,0.29538,152,0.29538
3,85500001,86000000,0.005098,10,0.005098
3,86000001,86500000,0.006686,16,0.006686
3,86500001,87000000,0.009166,64,0.009166
3,87000001,87500000,0.05839,136,0.05839
3,87500001,88000000,0.00374,18,0.00374
3,88000001,88500000,0.228232,440,0.228232
3,88500001,89000000,0.577336,2950,0.577336
3,89000001,89500000,0.088512,166,0.088512
3,89500001,90000000,0.25395,616,0.25395
3,90000001,90500000,0.089666,362,0.089666
3,90500001,91000000,0.001204,4,0.001204
3,91000001,91500000,0.003364,20,0.003364
3,91500001,92000000,0.05242,254,0.05242
3,92000001,92500000,0.01924,90,0.01924
3,92500001,93000000,0.299298,684,0.299298
3,93000001,93500000,0.084472,296,0.084472
3,93500001,94000000,0.0824,154,0.0824
3,94000001,94500000,0.05185,166,0.05185
3,94500001,95000000,0.215662,694,0.215662
3,95000001,95500000,0.16182,156,0.16182
3,95500001,96000000,0.043936,98,0.043936
3,96000001,96500000,0.006762,10,0.006762
3,96500001,97000000,0.036116,60,0.036116
3,97000001,97500000,0.012206,22,0.012206
3,97500001,98000000,0.148866,696,0.148866
3,98000001,98500000,0.127212,244,0.127212
3,98500001,99000000,0.073368,292,0.073368
3,99000001,99500000,0.303506,1234,0.303506
3,99500001,100000000,0.020688,38,0.020688
3,100000001,100500000,0.005278,38,0.005278
3,100500001,101000000,0.062996,300,0.062996
3,101000001,101500000,0.01576,50,0.01576
3,101500001,102000000,0.039846,168,0.039846
3,102000001,102500000,0.131164,426,0.131164
3,102500001,103000000,0.022424,50,0.022424
3,103000001,103500000,0.053142,272,0.053142
3,103500001,104000000,0.220414,664,0.220414
3,104000001,104500000,0.075198,108,0.075198
3,104500001,105000000,0,0,0
3,105000001,105500000,8.08e-4,6,8.08e-4
3,105500001,106000000,0.094428,306,0.094428
3,106000001,106500000,0.296482,1094,0.296482
3,106500001,107000000,0.0436,54,0.0436
3,107000001,107500000,0.324706,732,0.324706
3,107500001,108000000,0.101034,124,0.101034
3,108000001,108500000,0.096432,336,0.096432
3,108500001,109000000,0.03559,164,0.03559
3,109000001,109500000,0.014124,62,0.014124
3,109500001,110000000,0.16105,512,0.16105
3,110000001,110500000,0.095864,184,0.095864
3,110500001,111000000,0.03284,68,0.03284
3,111000001,111500000,0.222118,628,0.222118
3,111500001,112000000,0.018236,28,0.018236
4,1,500000,0.045624,52,0.045624
4,500001,1000000,0.03823,72,0.03823
4,1000001,1500000,0.266284,520,0.266284
4,1500001,2000000,0.394934,1808,0.394934
4,2000001,2500000,0.336138,1150,0.336138
4,2500001,3000000,0.302514,782,0.302514
4,3000001,3500000,0.68186,2280,0.68186
4,3500001,4000000,0.209432,810,0.209432
4,4000001,4500000,0.218496,284,0.218496
4,4500001,5000000,0.200974,602,0.200974
4,5000001,5500000,0.54805,2600,0.54805
4,5500001,6000000,0.233644,338,0.233644
4,6000001,6500000,0.068116,62,0.068116
4,6500001,7000000,0.010884,8,0.010884
4,7000001,7500000,0.18933,672,0.18933
4,7500001,8000000,0.391122,690,0.391122
4,8000001,8500000,0.182232,560,0.182232
4,8500001,9000000,0.12955,436,0.12955
4,9000001,9500000,0.248666,476,0.248666
4,9500001,10000000,0.340118,1334,0.340118
4,10000001,10500000,0.250244,1088,0.250244
4,10500001,11000000,0.081992,432,0.081992
4,11000001,11500000,0.025084,46,0.025084
4,11500001,12000000,0.107476,366,0.107476
4,12000001,12500000,0.101126,290,0.101126
4,12500001,13000000,0.161486,578,0.161486
4,13000001,13500000,0.314006,1456,0.314006
4,13500001,14000000,0.275934,1264,0.275934
4,14000001,14500000,0.001682,12,0.001682
4,14500001,15000000,0.071364,372,0.071364
4,15000001,15500000,0.21188,734,0.21188
4,15500001,16000000,0.041674,238,0.041674
4,16000001,16500000,0.211944,530,0.211944
4,16500001,17000000,0.026394,84,0.026394
4,17000001,17500000,0.01486,20,0.01486
4,17500001,18000000,0.04058,118,0.04058
4,18000001,18500000,0.339346,848,0.339346
4,18500001,19000000,0.121958,232,0.121958
4,19000001,19500000,0.023246,26,0.023246
4,19500001,20000000,0.18814,536,0.18814
4,20000001,20500000,0.069472,260,0.069472
4,20500001,21000000,0.339668,1102,0.339668
4,21000001,21500000,0.302962,536,0.302962
4,21500001,22000000,0.28194,930,0.28194
4,22000001,22500000,0.261484,384,0.261484
4,22500001,23000000,0.026132,128,0.026132
4,23000001,23500000,0.171072,644,0.171072
4,23500001,24000000,0.025254,68,0.025254
4,24000001,24500000,0.278948,966,0.278948
4,24500001,25000000,0.07271,360,0.07271
4,25000001,25500000,0.195866,496,0.195866
4,25500001,26000000,0.25079,638,0.25079
4,26000001,26500000,0.102452,296,0.102452
4,26500001,27000000,0.38477,884,0.38477
4,27000001,27500000,0.098144,258,0.098144
4,27500001,28000000,0.07164,252,0.07164
4,28000001,28500000,0.106612,222,0.106612
4,28500001,29000000,0.432684,1396,0.432684
4,29000001,29500000,0.009732,14,0.009732
4,29500001,30000000,0.028298,98,0.028298
4,30000001,30500000,0.24753,224,0.24753
4,30500001,31000000,0.05673,230,0.05673
4,31000001,31500000,0.034314,108,0.034314
4,31500001,32000000,0.405176,1586,0.405176
4,32000001,32500000,0.073362,148,0.073362
4,32500001,33000000,0.007808,44,0.007808
4,33000001,33500000,0.096906,158,0.096906
4,33500001,34000000,0.11207,220,0.11207
4,34000001,34500000,0.115388,400,0.115388
4,34500001,35000000,0.028126,74,0.028126
4,35000001,35500000,8.06e-4,4,8.06e-4
4,35500001,36000000,7.72e-4,10,7.72e-4
4,36000001,36500000,0.02677,128,0.02677
4,36500001,37000000,0.530412,1446,0.530412
4,37000001,37500000,0.375782,778,0.375782
4,37500001,38000000,0.44305,1522,0.44305
4,38000001,38500000,0.214166,514,0.214166
4,38500001,39000000,0.007384,22,0.007384
4,39000001,39500000,0.003966,18,0.003966
4,39500001,40000000,0.794384,3350,0.794384
4,40000001,40500000,0.069714,230,0.069714
4,40500001,41000000,0.09853,72,0.09853
4,41000001,41500000,0.16084,342,0.16084
4,41500001,42000000,0.36825600000000003,1548,0.36825600000000003
4,42000001,42500000,0.206858,422,0.206858
4,42500001,43000000,0.09172,414,0.09172
4,43000001,43500000,0.475582,2060,0.475582
4,43500001,44000000,0.476842,822,0.476842
4,44000001,44500000,0.13943,88,0.13943
4,44500001,45000000,0.07161,242,0.07161
4,45000001,45500000,0.085066,192,0.085066
4,45500001,46000000,0.297764,850,0.297764
4,46000001,46500000,0.3803,720,0.3803
4,46500001,47000000,0.285182,974,0.285182
4,47000001,47500000,0.392136,662,0.392136
4,47500001,48000000,0.054302,104,0.054302
4,48000001,48500000,0,0,0
4,48500001,49000000,0.052944,14,0.052944
4,49000001,49500000,0.101416,90,0.101416
4,49500001,50000000,0,0,0
4,50000001,50500000,0.05719,122,0.05719
4,50500001,51000000,0.192296,686,0.192296
4,51000001,51500000,0.04846,140,0.04846
4,51500001,52000000,0.062174,156,0.062174
4,52000001,52500000,0.13508,820,0.13508
4,52500001,53000000,0.024464,174,0.024464
4,53000001,53500000,0.17131,330,0.17131
4,53500001,54000000,0.085072,342,0.085072
4,54000001,54500000,0.34035,1418,0.34035
4,54500001,55000000,0.058148,146,0.058148
4,55000001,55500000,0.007112,30,0.007112
4,55500001,56000000,0.078522,176,0.078522
4,56000001,56500000,0.095172,194,0.095172
4,56500001,57000000,0.321318,1188,0.321318
4,57000001,57500000,0.222272,410,0.222272
4,57500001,58000000,0.038236,108,0.038236
4,58000001,58500000,0.324776,1032,0.324776
4,58500001,59000000,0.03327,156,0.03327
4,59000001,59500000,0.055734,80,0.055734
4,59500001,60000000,0.331868,1310,0.331868
4,60000001,60500000,0.136874,426,0.136874
4,60500001,61000000,0.298214,858,0.298214
4,61000001,61500000,0.053142,264,0.053142
4,61500001,62000000,0.080476,174,0.080476
4,62000001,62500000,0.077136,266,0.077136
4,62500001,63000000,0.051586,88,0.051586
4,63000001,63500000,0.211384,708,0.211384
4,63500001,64000000,0.097286,276,0.097286
4,64000001,64500000,0.00894,6,0.00894
4,64500001,65000000,0.024086,34,0.024086
4,65000001,65500000,0.034748,50,0.034748
4,65500001,66000000,0.015182,18,0.015182
4,66000001,66500000,0.23685,436,0.23685
4,66500001,67000000,0.286428,1398,0.286428
4,67000001,67500000,0.025898,56,0.025898
4,67500001,68000000,0.044354,258,0.044354
4,68000001,68500000,0.003892,8,0.003892
4A,1,500000,0.174982,660,0.174982
4A,500001,1000000,0.23369,1198,0.23369
4A,1000001,1500000,0.129992,86,0.129992
4A,1500001,2000000,0.053746,304,0.053746
4A,2000001,2500000,0.021502,18,0.021502
4A,2500001,3000000,0.04976,60,0.04976
4A,3000001,3500000,0.001248,8,0.001248
4A,3500001,4000000,0.021444,56,0.021444
4A,4000001,4500000,0.155162,384,0.155162
4A,4500001,5000000,0.342694,624,0.342694
4A,5000001,5500000,0.344804,738,0.344804
4A,5500001,6000000,0.020044,38,0.020044
4A,6000001,6500000,0.200908,614,0.200908
4A,6500001,7000000,0.342514,1124,0.342514
4A,7000001,7500000,0.050176,124,0.050176
4A,7500001,8000000,0.255942,454,0.255942
4A,8000001,8500000,0.39199,1112,0.39199
4A,8500001,9000000,0.074548,284,0.074548
4A,9000001,9500000,0.607156,842,0.607156
4A,9500001,10000000,0.073458,260,0.073458
4A,10000001,10500000,0.36651,1140,0.36651
4A,10500001,11000000,0.023802,56,0.023802
4A,11000001,11500000,0.050572,68,0.050572
4A,11500001,12000000,0.48259,1870,0.48259
4A,12000001,12500000,0.365696,788,0.365696
4A,12500001,13000000,0.304634,1036,0.304634
4A,13000001,13500000,0.13398,380,0.13398
4A,13500001,14000000,0.055924,214,0.055924
4A,14000001,14500000,0.011062,10,0.011062
4A,14500001,15000000,0.063226,28,0.063226
4A,15000001,15500000,0.23933,552,0.23933
4A,15500001,16000000,0.688378,2726,0.688378
4A,16000001,16500000,0.316442,890,0.316442
4A,16500001,17000000,0.156232,296,0.156232
4A,17000001,17500000,0.431386,794,0.431386
4A,17500001,18000000,0.196846,394,0.196846
4A,18000001,18500000,0.202508,336,0.202508
4A,18500001,19000000,0.152034,402,0.152034
4A,19000001,19500000,0.51682,1914,0.51682
4A,19500001,20000000,0.34072,1158,0.34072
5,1,500000,0.03754,84,0.03754
5,500001,1000000,0.320654,558,0.320654
5,1000001,1500000,0.204678,964,0.204678
5,1500001,2000000,0.058122,300,0.058122
5,2000001,2500000,0.061936,110,0.061936
5,2500001,3000000,0.081208,152,0.081208
5,3000001,3500000,0.198056,570,0.198056
5,3500001,4000000,0.564526,2020,0.564526
5,4000001,4500000,0.416378,1282,0.416378
5,4500001,5000000,0.199502,912,0.199502
5,5000001,5500000,0.110856,450,0.110856
5,5500001,6000000,0.270778,306,0.270778
5,6000001,6500000,0.470378,1814,0.470378
5,6500001,7000000,0.506886,1812,0.506886
5,7000001,7500000,0.414728,1506,0.414728
5,7500001,8000000,0.486032,1244,0.486032
5,8000001,8500000,0.18504,812,0.18504
5,8500001,9000000,0.213636,872,0.213636
5,9000001,9500000,0.150346,632,0.150346
5,9500001,10000000,0.32937,1500,0.32937
5,10000001,10500000,0.02557,88,0.02557
5,10500001,11000000,0.069408,230,0.069408
5,11000001,11500000,0.174064,602,0.174064
5,11500001,12000000,0.088036,350,0.088036
5,12000001,12500000,0.241172,294,0.241172
5,12500001,13000000,0.153572,664,0.153572
5,13000001,13500000,0.366626,1268,0.366626
5,13500001,14000000,0.280038,932,0.280038
5,14000001,14500000,0.159044,936,0.159044
5,14500001,15000000,0.102132,348,0.102132
5,15000001,15500000,0.185576,726,0.185576
5,15500001,16000000,0.204392,654,0.204392
5,16000001,16500000,0.196264,948,0.196264
5,16500001,17000000,0.174044,572,0.174044
5,17000001,17500000,0.364336,1362,0.364336
5,17500001,18000000,0.213936,588,0.213936
5,18000001,18500000,0.292016,814,0.292016
5,18500001,19000000,0.104322,228,0.104322
5,19000001,19500000,0.068796,168,0.068796
5,19500001,20000000,0,0,0
5,20000001,20500000,0.089744,132,0.089744
5,20500001,21000000,0.01303,20,0.01303
5,21000001,21500000,0.101222,298,0.101222
5,21500001,22000000,0.164474,222,0.164474
5,22000001,22500000,0.293128,318,0.293128
5,22500001,23000000,0.778744,3132,0.778744
5,23000001,23500000,0.390892,1562,0.390892
5,23500001,24000000,0.629024,1682,0.629024
5,24000001,24500000,0.097186,228,0.097186
5,24500001,25000000,0.402084,874,0.402084
5,25000001,25500000,0.602028,1878,0.602028
5,25500001,26000000,0.311848,1220,0.311848
5,26000001,26500000,0.523774,1438,0.523774
5,26500001,27000000,0.421706,854,0.421706
5,27000001,27500000,0.198788,548,0.198788
5,27500001,28000000,0.212554,338,0.212554
5,28000001,28500000,0.35018,598,0.35018
5,28500001,29000000,0.260302,662,0.260302
5,29000001,29500000,0.3513,1352,0.3513
5,29500001,30000000,0.29583,1716,0.29583
5,30000001,30500000,0.06251,286,0.06251
5,30500001,31000000,0.514708,2708,0.514708
5,31000001,31500000,0.190506,408,0.190506
5,31500001,32000000,0.051988,84,0.051988
5,32000001,32500000,0.170046,232,0.170046
5,32500001,33000000,0.225208,620,0.225208
5,33000001,33500000,0.01469,14,0.01469
5,33500001,34000000,0.075362,44,0.075362
5,34000001,34500000,0.0361,78,0.0361
5,34500001,35000000,0.105108,286,0.105108
5,35000001,35500000,0.48168,2068,0.48168
5,35500001,36000000,0.13979,250,0.13979
5,36000001,36500000,0.023546,62,0.023546
5,36500001,37000000,0.25163,700,0.25163
5,37000001,37500000,0.351716,1754,0.351716
5,37500001,38000000,0.094608,228,0.094608
5,38000001,38500000,0.149642,170,0.149642
5,38500001,39000000,0.384798,1636,0.384798
5,39000001,39500000,0.669204,2048,0.669204
5,39500001,40000000,0.264024,446,0.264024
5,40000001,40500000,0.330016,1154,0.330016
5,40500001,41000000,0.095074,348,0.095074
5,41000001,41500000,0.069454,362,0.069454
5,41500001,42000000,0.474994,816,0.474994
5,42000001,42500000,0.062792,86,0.062792
5,42500001,43000000,0.010774,22,0.010774
5,43000001,43500000,0.008124,22,0.008124
5,43500001,44000000,0.183164,38,0.183164
5,44000001,44500000,0.150842,312,0.150842
5,44500001,45000000,0.34026,820,0.34026
5,45000001,45500000,0.219864,264,0.219864
5,45500001,46000000,0.243264,738,0.243264
5,46000001,46500000,0.221568,576,0.221568
5,46500001,47000000,0.365802,1546,0.365802
5,47000001,47500000,0.323286,1114,0.323286
5,47500001,48000000,0.186928,194,0.186928
5,48000001,48500000,0.27543,1172,0.27543
5,48500001,49000000,0.00814,14,0.00814
5,49000001,49500000,0.00402,4,0.00402
5,49500001,50000000,0.086386,334,0.086386
5,50000001,50500000,0.265282,822,0.265282
5,50500001,51000000,0.043852,102,0.043852
5,51000001,51500000,0.32971,782,0.32971
5,51500001,52000000,0.620094,1542,0.620094
5,52000001,52500000,0.443508,1402,0.443508
5,52500001,53000000,0.048212,228,0.048212
5,53000001,53500000,0.071928,184,0.071928
5,53500001,54000000,0.398992,756,0.398992
5,54000001,54500000,0.030644,92,0.030644
5,54500001,55000000,0.237306,278,0.237306
5,55000001,55500000,0.291736,1006,0.291736
5,55500001,56000000,0.204574,152,0.204574
5,56000001,56500000,0.12377,372,0.12377
5,56500001,57000000,0.141386,452,0.141386
5,57000001,57500000,0.366194,1092,0.366194
5,57500001,58000000,0.068146,226,0.068146
5,58000001,58500000,0.19334200000000001,986,0.19334200000000001
5,58500001,59000000,0.181166,512,0.181166
5,59000001,59500000,0.103616,386,0.103616
5,59500001,60000000,0.331006,1334,0.331006
5,60000001,60500000,0.068108,328,0.068108
5,60500001,61000000,0.069472,268,0.069472
5,61000001,61500000,0.035674,74,0.035674
5,61500001,62000000,0,0,0
1A,1,500000,0.32744,1702,0.32744
1A,500001,1000000,0.3994,2562,0.3994
1A,1000001,1500000,0.160948,704,0.160948
1A,1500001,2000000,0.020346,94,0.020346
1A,2000001,2500000,0.02164,68,0.02164
1A,2500001,3000000,0.258996,630,0.258996
1A,3000001,3500000,0.047602,156,0.047602
1A,3500001,4000000,0.03828,170,0.03828
1A,4000001,4500000,0,0,0
1A,4500001,5000000,0.006518,28,0.006518
1A,5000001,5500000,0.457412,514,0.457412
1A,5500001,6000000,0.166454,604,0.166454
1A,6000001,6500000,0.14651,450,0.14651
1A,6500001,7000000,0.131156,342,0.131156
1A,7000001,7500000,0.005328,16,0.005328
1A,7500001,8000000,0.028016,82,0.028016
1A,8000001,8500000,0.069704,190,0.069704
1A,8500001,9000000,0.226278,276,0.226278
1A,9000001,9500000,0.094344,460,0.094344
1A,9500001,10000000,0.112548,376,0.112548
1A,10000001,10500000,0.021368,56,0.021368
1A,10500001,11000000,0.072008,426,0.072008
1A,11000001,11500000,0.215934,620,0.215934
1A,11500001,12000000,0.190626,834,0.190626
1A,12000001,12500000,0.110394,378,0.110394
1A,12500001,13000000,0.248808,770,0.248808
1A,13000001,13500000,0.1703,664,0.1703
1A,13500001,14000000,0.284612,1532,0.284612
1A,14000001,14500000,0.284516,898,0.284516
1A,14500001,15000000,0.04163,134,0.04163
1A,15000001,15500000,0.002388,8,0.002388
1A,15500001,16000000,0.022876,76,0.022876
1A,16000001,16500000,0.019116,28,0.019116
1A,16500001,17000000,0.01283,16,0.01283
1A,17000001,17500000,0.092892,194,0.092892
1A,17500001,18000000,0.029244,42,0.029244
1A,18000001,18500000,0.0362,168,0.0362
1A,18500001,19000000,0.213308,734,0.213308
1A,19000001,19500000,0.120096,122,0.120096
1A,19500001,20000000,0.057474,36,0.057474
1A,20000001,20500000,0.25449,520,0.25449
1A,20500001,21000000,0.193976,994,0.193976
1A,21000001,21500000,0.221368,1054,0.221368
1A,21500001,22000000,0.106492,464,0.106492
1A,22000001,22500000,0.007346,12,0.007346
1A,22500001,23000000,0.205828,728,0.205828
1A,23000001,23500000,0.138766,508,0.138766
1A,23500001,24000000,0.051096,160,0.051096
1A,24000001,24500000,0.184226,476,0.184226
1A,24500001,25000000,0.030218,54,0.030218
1A,25000001,25500000,0.15026,476,0.15026
1A,25500001,26000000,0.074768,234,0.074768
1A,26000001,26500000,0,0,0
1A,26500001,27000000,0.481012,1688,0.481012
1A,27000001,27500000,0.037576,120,0.037576
1A,27500001,28000000,0.09887,306,0.09887
1A,28000001,28500000,0.217094,558,0.217094
1A,28500001,29000000,0.18796,314,0.18796
1A,29000001,29500000,0.120198,278,0.120198
1A,29500001,30000000,0.03143,88,0.03143
1A,30000001,30500000,0.053116,62,0.053116
1A,30500001,31000000,0.263858,1068,0.263858
1A,31000001,31500000,0.117286,326,0.117286
1A,31500001,32000000,0.204088,586,0.204088
1A,32000001,32500000,0.140094,562,0.140094
1A,32500001,33000000,0.064108,78,0.064108
1A,33000001,33500000,0.239904,612,0.239904
1A,33500001,34000000,0.089104,412,0.089104
1A,34000001,34500000,0.16967,716,0.16967
1A,34500001,35000000,0.029478,44,0.029478
1A,35000001,35500000,0.052198,54,0.052198
1A,35500001,36000000,0.262102,960,0.262102
1A,36000001,36500000,0.04968,142,0.04968
1A,36500001,37000000,0.236572,882,0.236572
1A,37000001,37500000,0.128706,452,0.128706
1A,37500001,38000000,0.357132,1722,0.357132
1A,38000001,38500000,0.112092,724,0.112092
1A,38500001,39000000,0.011128,30,0.011128
1A,39000001,39500000,0.107956,560,0.107956
1A,39500001,40000000,0.118098,142,0.118098
1A,40000001,40500000,0.065834,280,0.065834
1A,40500001,41000000,0.090382,278,0.090382
1A,41000001,41500000,0.20683000000000001,412,0.20683000000000001
1A,41500001,42000000,0.03575,70,0.03575
1A,42000001,42500000,0.08394,308,0.08394
1A,42500001,43000000,0.239812,946,0.239812
1A,43000001,43500000,0.197628,476,0.197628
1A,43500001,44000000,0.188902,1022,0.188902
1A,44000001,44500000,0.191928,690,0.191928
1A,44500001,45000000,0.213216,750,0.213216
1A,45000001,45500000,0.31537,1316,0.31537
1A,45500001,46000000,0.223332,538,0.223332
1A,46000001,46500000,0.379042,772,0.379042
1A,46500001,47000000,0.455214,920,0.455214
1A,47000001,47500000,0.617488,1968,0.617488
1A,47500001,48000000,0.39423,1178,0.39423
1A,48000001,48500000,0.182694,518,0.182694
1A,48500001,49000000,0.655248,1858,0.655248
1A,49000001,49500000,0.398916,1200,0.398916
1A,49500001,50000000,0.436406,1080,0.436406
1A,50000001,50500000,0.036114,172,0.036114
1A,50500001,51000000,0.057674,70,0.057674
1A,51000001,51500000,0.289052,568,0.289052
1A,51500001,52000000,0.17224,496,0.17224
1A,52000001,52500000,0.179266,694,0.179266
1A,52500001,53000000,0.115554,484,0.115554
1A,53000001,53500000,0.284904,1120,0.284904
1A,53500001,54000000,0.087674,332,0.087674
1A,54000001,54500000,0.2497,914,0.2497
1A,54500001,55000000,0.199536,572,0.199536
1A,55000001,55500000,0.079932,270,0.079932
1A,55500001,56000000,0.075032,32,0.075032
1A,56000001,56500000,0.18508,678,0.18508
1A,56500001,57000000,0.350218,1548,0.350218
1A,57000001,57500000,0.124314,304,0.124314
1A,57500001,58000000,0.224026,644,0.224026
1A,58000001,58500000,0.182812,598,0.182812
1A,58500001,59000000,0.189506,656,0.189506
1A,59000001,59500000,0.1598,476,0.1598
1A,59500001,60000000,0.164726,456,0.164726
1A,60000001,60500000,0.177942,284,0.177942
1A,60500001,61000000,0.051124,166,0.051124
1A,61000001,61500000,0.569096,662,0.569096
1A,61500001,62000000,0.059572,242,0.059572
1A,62000001,62500000,0.270012,1194,0.270012
1A,62500001,63000000,0.195568,356,0.195568
1A,63000001,63500000,0.102472,216,0.102472
1A,63500001,64000000,0.2484,400,0.2484
1A,64000001,64500000,0.17718,242,0.17718
1A,64500001,65000000,0.134272,612,0.134272
1A,65000001,65500000,0.110264,378,0.110264
1A,65500001,66000000,0.189526,796,0.189526
1A,66000001,66500000,0.017974,84,0.017974
1A,66500001,67000000,0.13056,302,0.13056
1A,67000001,67500000,0.156636,448,0.156636
1A,67500001,68000000,0.563364,1728,0.563364
1A,68000001,68500000,0.206932,508,0.206932
1A,68500001,69000000,0.11632,308,0.11632
1A,69000001,69500000,0.313962,1076,0.313962
1A,69500001,70000000,0.231172,1080,0.231172
1A,70000001,70500000,0.13554,452,0.13554
1A,70500001,71000000,0.014964,56,0.014964
1A,71000001,71500000,0.145104,194,0.145104
6,1,500000,0.274954,1078,0.274954
6,500001,1000000,0.606192,2304,0.606192
6,1000001,1500000,0.313888,1544,0.313888
6,1500001,2000000,0.351836,1280,0.351836
6,2000001,2500000,0.218128,836,0.218128
6,2500001,3000000,0.105628,450,0.105628
6,3000001,3500000,0.024062,152,0.024062
6,3500001,4000000,0.006022,38,0.006022
6,4000001,4500000,0.264994,440,0.264994
6,4500001,5000000,0.225468,560,0.225468
6,5000001,5500000,0.11242,398,0.11242
6,5500001,6000000,0.29637,876,0.29637
6,6000001,6500000,0.085894,164,0.085894
6,6500001,7000000,0.123084,256,0.123084
6,7000001,7500000,0.186938,514,0.186938
6,7500001,8000000,0.387518,760,0.387518
6,8000001,8500000,0.10668,150,0.10668
6,8500001,9000000,0.003514,34,0.003514
6,9000001,9500000,0.064782,106,0.064782
6,9500001,10000000,0.040146,94,0.040146
6,10000001,10500000,0.237816,512,0.237816
6,10500001,11000000,0.058484,302,0.058484
6,11000001,11500000,0.398296,1382,0.398296
6,11500001,12000000,0.732344,3186,0.732344
6,12000001,12500000,0.25617,1112,0.25617
6,12500001,13000000,0.203696,460,0.203696
6,13000001,13500000,0.277254,700,0.277254
6,13500001,14000000,0.179176,526,0.179176
6,14000001,14500000,0.19588,286,0.19588
6,14500001,15000000,0.324256,978,0.324256
6,15000001,15500000,0.28845,696,0.28845
6,15500001,16000000,0.236356,1098,0.236356
6,16000001,16500000,0.389342,1092,0.389342
6,16500001,17000000,0.228084,304,0.228084
6,17000001,17500000,0.01467,80,0.01467
6,17500001,18000000,0.132176,314,0.132176
6,18000001,18500000,0.130998,372,0.130998
6,18500001,19000000,0.346216,954,0.346216
6,19000001,19500000,0.009944,66,0.009944
6,19500001,20000000,0.079186,388,0.079186
6,20000001,20500000,0.39,1480,0.39
6,20500001,21000000,0.287462,1150,0.287462
6,21000001,21500000,0.325986,1082,0.325986
6,21500001,22000000,0.235958,672,0.235958
6,22000001,22500000,0.288506,464,0.288506
6,22500001,23000000,0.255722,934,0.255722
6,23000001,23500000,0.03274,76,0.03274
6,23500001,24000000,0.012732,60,0.012732
6,24000001,24500000,0.09791,432,0.09791
6,24500001,25000000,0.205292,392,0.205292
6,25000001,25500000,0.085556,352,0.085556
6,25500001,26000000,0.08311,240,0.08311
6,26000001,26500000,0.422352,1346,0.422352
6,26500001,27000000,0.198152,950,0.198152
6,27000001,27500000,0.046614,118,0.046614
6,27500001,28000000,0.08967,320,0.08967
6,28000001,28500000,0.065088,122,0.065088
6,28500001,29000000,0.111914,252,0.111914
6,29000001,29500000,0.141362,632,0.141362
6,29500001,30000000,0.295418,858,0.295418
6,30000001,30500000,0.208308,596,0.208308
6,30500001,31000000,0.111966,248,0.111966
6,31000001,31500000,0.113102,464,0.113102
6,31500001,32000000,0.057818,294,0.057818
6,32000001,32500000,0.113778,340,0.113778
6,32500001,33000000,0.010702,36,0.010702
6,33000001,33500000,0.047366,282,0.047366
6,33500001,34000000,0.21103,822,0.21103
6,34000001,34500000,0.347398,2092,0.347398
7,1,500000,0.134094,726,0.134094
7,500001,1000000,0.44701,2310,0.44701
7,1000001,1500000,0.161174,834,0.161174
7,1500001,2000000,0.263408,542,0.263408
7,2000001,2500000,0.534688,2080,0.534688
7,2500001,3000000,0.195168,958,0.195168
7,3000001,3500000,0.11855,290,0.11855
7,3500001,4000000,0.03107,106,0.03107
7,4000001,4500000,0.406136,2014,0.406136
7,4500001,5000000,0.645772,2648,0.645772
7,5000001,5500000,0.328918,1252,0.328918
7,5500001,6000000,0.072208,78,0.072208
7,6000001,6500000,0.361528,732,0.361528
7,6500001,7000000,0.09778,510,0.09778
7,7000001,7500000,0.237658,702,0.237658
7,7500001,8000000,0.188544,888,0.188544
7,8000001,8500000,0.006236,30,0.006236
7,8500001,9000000,0.00903,12,0.00903
7,9000001,9500000,0.1881,514,0.1881
7,9500001,10000000,0.344482,1186,0.344482
7,10000001,10500000,0.042402,100,0.042402
7,10500001,11000000,0.434232,1264,0.434232
7,11000001,11500000,0.335818,618,0.335818
7,11500001,12000000,0.81538,1312,0.81538
7,12000001,12500000,0.382384,948,0.382384
7,12500001,13000000,0.008978,66,0.008978
7,13000001,13500000,0.43786,1456,0.43786
7,13500001,14000000,0.161316,434,0.161316
7,14000001,14500000,0.036838,152,0.036838
7,14500001,15000000,0.208846,944,0.208846
7,15000001,15500000,0.400642,1290,0.400642
7,15500001,16000000,0.091346,170,0.091346
7,16000001,16500000,0.151164,628,0.151164
7,16500001,17000000,0.344846,594,0.344846
7,17000001,17500000,0.204752,646,0.204752
7,17500001,18000000,0.392816,1178,0.392816
7,18000001,18500000,0.365792,2388,0.365792
7,18500001,19000000,0.375434,1116,0.375434
7,19000001,19500000,0.499564,930,0.499564
7,19500001,20000000,0.25594,888,0.25594
7,20000001,20500000,0.093192,48,0.093192
7,20500001,21000000,0.18609,860,0.18609
7,21000001,21500000,0.100188,352,0.100188
7,21500001,22000000,0.443004,1800,0.443004
7,22000001,22500000,0.621104,2660,0.621104
7,22500001,23000000,0.259146,814,0.259146
7,23000001,23500000,0.07438,314,0.07438
7,23500001,24000000,0.436868,982,0.436868
7,24000001,24500000,0.053154,76,0.053154
7,24500001,25000000,0.012742,72,0.012742
7,25000001,25500000,0.091108,322,0.091108
7,25500001,26000000,0.28619,662,0.28619
7,26000001,26500000,0.682906,2512,0.682906
7,26500001,27000000,0.26176,536,0.26176
7,27000001,27500000,0.126824,334,0.126824
7,27500001,28000000,0.18087,1112,0.18087
7,28000001,28500000,0.501788,1402,0.501788
7,28500001,29000000,0.322186,892,0.322186
7,29000001,29500000,0.090788,172,0.090788
7,29500001,30000000,0.028652,158,0.028652
7,30000001,30500000,0.091306,172,0.091306
7,30500001,31000000,0.15314,498,0.15314
7,31000001,31500000,0.722134,1942,0.722134
7,31500001,32000000,0.050044,236,0.050044
7,32000001,32500000,0.060022,150,0.060022
7,32500001,33000000,0.24406,1450,0.24406
7,33000001,33500000,0.013546,116,0.013546
7,33500001,34000000,0.11441,358,0.11441
7,34000001,34500000,0.064054,330,0.064054
7,34500001,35000000,0.015424,28,0.015424
7,35000001,35500000,0.068338,254,0.068338
7,35500001,36000000,0.176344,376,0.176344
7,36000001,36500000,0.167456,802,0.167456
7,36500001,37000000,0.04182,112,0.04182
7,37000001,37500000,0.464938,1958,0.464938
7,37500001,38000000,0.113634,606,0.113634
8,1,500000,0.237456,866,0.237456
8,500001,1000000,0.386048,1168,0.386048
8,1000001,1500000,0.37022,1440,0.37022
8,1500001,2000000,0.089864,296,0.089864
8,2000001,2500000,0.324508,1466,0.324508
8,2500001,3000000,0.531238,1226,0.531238
8,3000001,3500000,0.77088,1354,0.77088
8,3500001,4000000,0.31372,636,0.31372
8,4000001,4500000,0.116494,230,0.116494
8,4500001,5000000,0.05628,98,0.05628
8,5000001,5500000,0.00622,22,0.00622
8,5500001,6000000,0.19753,1104,0.19753
8,6000001,6500000,0.239406,1016,0.239406
8,6500001,7000000,0.338016,1134,0.338016
8,7000001,7500000,0.495402,1062,0.495402
8,7500001,8000000,0.006886,14,0.006886
8,8000001,8500000,0.09352,292,0.09352
8,8500001,9000000,0.164776,528,0.164776
8,9000001,9500000,0.132848,386,0.132848
8,9500001,10000000,0.170264,370,0.170264
8,10000001,10500000,0.32568,1182,0.32568
8,10500001,11000000,0.059684,96,0.059684
8,11000001,11500000,0.118938,192,0.118938
8,11500001,12000000,0.089388,716,0.089388
8,12000001,12500000,0.330518,1130,0.330518
8,12500001,13000000,0.097006,130,0.097006
8,13000001,13500000,0.050998,176,0.050998
8,13500001,14000000,0.197816,408,0.197816
8,14000001,14500000,0.360406,1290,0.360406
8,14500001,15000000,0.327542,1128,0.327542
8,15000001,15500000,0.253902,1046,0.253902
8,15500001,16000000,0.191876,382,0.191876
8,16000001,16500000,0.13562,88,0.13562
8,16500001,17000000,0.178574,944,0.178574
8,17000001,17500000,0.228916,872,0.228916
8,17500001,18000000,0.04681,108,0.04681
8,18000001,18500000,0.118198,550,0.118198
8,18500001,19000000,0.002014,8,0.002014
8,19000001,19500000,0.408368,1194,0.408368
8,19500001,20000000,0.15142,452,0.15142
8,20000001,20500000,0.258276,1236,0.258276
8,20500001,21000000,0.429566,1572,0.429566
8,21000001,21500000,0.19121,662,0.19121
8,21500001,22000000,0.229704,706,0.229704
8,22000001,22500000,0.378148,1038,0.378148
8,22500001,23000000,0.170986,712,0.170986
8,23000001,23500000,0.02063,22,0.02063
8,23500001,24000000,0.04805,128,0.04805
8,24000001,24500000,0.026978,96,0.026978
8,24500001,25000000,0.071124,138,0.071124
8,25000001,25500000,0.609196,808,0.609196
8,25500001,26000000,0.23545,876,0.23545
8,26000001,26500000,0.19185,532,0.19185
8,26500001,27000000,0.224332,1310,0.224332
8,27000001,27500000,0.285578,790,0.285578
8,27500001,28000000,0.099188,284,0.099188
8,28000001,28500000,0.110116,310,0.110116
8,28500001,29000000,0.474468,2288,0.474468
8,29000001,29500000,0.097022,370,0.097022
8,29500001,30000000,0.206888,800,0.206888
8,30000001,30500000,0.25059,942,0.25059
8,30500001,31000000,0.018026,50,0.018026
8,31000001,31500000,0.19043,616,0.19043
9,1,500000,0.895596,4010,0.895596
9,500001,1000000,0.043342,108,0.043342
9,1000001,1500000,0.153198,170,0.153198
9,1500001,2000000,0.203646,550,0.203646
9,2000001,2500000,0.042554,154,0.042554
9,2500001,3000000,0.2605,686,0.2605
9,3000001,3500000,0.069194,256,0.069194
9,3500001,4000000,0.169368,636,0.169368
9,4000001,4500000,0.342908,1022,0.342908
9,4500001,5000000,0.092496,378,0.092496
9,5000001,5500000,0.110546,454,0.110546
9,5500001,6000000,0.332252,1554,0.332252
9,6000001,6500000,0.861142,3100,0.861142
9,6500001,7000000,0.096198,124,0.096198
9,7000001,7500000,0,0,0
9,7500001,8000000,0.095124,226,0.095124
9,8000001,8500000,0.10792,338,0.10792
9,8500001,9000000,0.347382,2366,0.347382
9,9000001,9500000,0.097492,582,0.097492
9,9500001,10000000,0.244408,850,0.244408
9,10000001,10500000,0.541496,1600,0.541496
9,10500001,11000000,0.348076,1776,0.348076
9,11000001,11500000,0.020824,86,0.020824
9,11500001,12000000,0.071662,190,0.071662
9,12000001,12500000,0.091828,132,0.091828
9,12500001,13000000,0.441006,1368,0.441006
9,13000001,13500000,0.23401,618,0.23401
9,13500001,14000000,0.030442,58,0.030442
9,14000001,14500000,0.170256,398,0.170256
9,14500001,15000000,0.10233,84,0.10233
9,15000001,15500000,0.356776,1310,0.356776
9,15500001,16000000,0.387012,1428,0.387012
9,16000001,16500000,0.222592,1026,0.222592
9,16500001,17000000,0.387918,1780,0.387918
9,17000001,17500000,0.326224,1216,0.326224
9,17500001,18000000,0.476182,440,0.476182
9,18000001,18500000,0.363912,874,0.363912
9,18500001,19000000,0.094578,138,0.094578
9,19000001,19500000,0.126374,218,0.126374
9,19500001,20000000,0.15909,82,0.15909
9,20000001,20500000,0.12194,426,0.12194
9,20500001,21000000,0.213836,920,0.213836
9,21000001,21500000,0.444908,918,0.444908
9,21500001,22000000,0.242692,976,0.242692
9,22000001,22500000,0.135064,312,0.135064
9,22500001,23000000,0.053714,114,0.053714
9,23000001,23500000,0.153278,594,0.153278
9,23500001,24000000,0.26406,1184,0.26406
9,24000001,24500000,0.1468,588,0.1468
9,24500001,25000000,0.47387,750,0.47387
9,25000001,25500000,0.120658,360,0.120658
10,1,500000,0.385704,1044,0.385704
10,500001,1000000,0.463756,2318,0.463756
10,1000001,1500000,0.29497,792,0.29497
10,1500001,2000000,0.272078,842,0.272078
10,2000001,2500000,0.255906,686,0.255906
10,2500001,3000000,0.429994,790,0.429994
10,3000001,3500000,0.299528,982,0.299528
10,3500001,4000000,0.55869,2658,0.55869
10,4000001,4500000,0.050524,126,0.050524
10,4500001,5000000,0.295776,442,0.295776
10,5000001,5500000,0.531722,1712,0.531722
10,5500001,6000000,0.199282,692,0.199282
10,6000001,6500000,0.282532,1030,0.282532
10,6500001,7000000,0.33888,1166,0.33888
10,7000001,7500000,0.243024,722,0.243024
10,7500001,8000000,0.132184,672,0.132184
10,8000001,8500000,0.3868,1274,0.3868
10,8500001,9000000,0.143086,442,0.143086
10,9000001,9500000,0.292382,694,0.292382
10,9500001,10000000,0.291914,1176,0.291914
10,10000001,10500000,0.373288,1268,0.373288
10,10500001,11000000,0.18538,456,0.18538
10,11000001,11500000,0.135162,416,0.135162
10,11500001,12000000,0.25151,932,0.25151
10,12000001,12500000,0.246512,844,0.246512
10,12500001,13000000,0.184148,422,0.184148
10,13000001,13500000,0.07614,96,0.07614
10,13500001,14000000,0.170344,494,0.170344
10,14000001,14500000,0.295704,892,0.295704
10,14500001,15000000,0.100848,380,0.100848
10,15000001,15500000,0,0,0
10,15500001,16000000,1.152972,358,1
10,16000001,16500000,0.081886,218,0.081886
10,16500001,17000000,0.214002,328,0.214002
10,17000001,17500000,0.240642,776,0.240642
10,17500001,18000000,0.51591,1338,0.51591
10,18000001,18500000,0.166778,930,0.166778
10,18500001,19000000,0.085778,256,0.085778
10,19000001,19500000,0.156428,722,0.156428
10,19500001,20000000,0.450114,2140,0.450114
10,20000001,20500000,0.366492,1442,0.366492
11,1,500000,0.400036,1058,0.400036
11,500001,1000000,0.316796,812,0.316796
11,1000001,1500000,0.386398,2012,0.386398
11,1500001,2000000,0.12272,294,0.12272
11,2000001,2500000,0.182646,452,0.182646
11,2500001,3000000,0.05585,130,0.05585
11,3000001,3500000,0.184432,558,0.184432
11,3500001,4000000,0.126972,82,0.126972
11,4000001,4500000,0.24747,668,0.24747
11,4500001,5000000,0.281802,858,0.281802
11,5000001,5500000,0.241354,446,0.241354
11,5500001,6000000,0.022034,34,0.022034
11,6000001,6500000,0.444366,1846,0.444366
11,6500001,7000000,0.491874,1788,0.491874
11,7000001,7500000,0.531626,1952,0.531626
11,7500001,8000000,0.330098,1692,0.330098
11,8000001,8500000,0.152376,578,0.152376
11,8500001,9000000,0.35814,1000,0.35814
11,9000001,9500000,0.19757,662,0.19757
11,9500001,10000000,0.049598,216,0.049598
11,10000001,10500000,0.051782,38,0.051782
11,10500001,11000000,0.488752,1292,0.488752
11,11000001,11500000,0.05998,72,0.05998
11,11500001,12000000,0.265622,468,0.265622
11,12000001,12500000,0.077764,322,0.077764
11,12500001,13000000,0.088588,140,0.088588
11,13000001,13500000,0.171534,776,0.171534
11,13500001,14000000,0.148648,494,0.148648
11,14000001,14500000,0.064792,268,0.064792
11,14500001,15000000,0.122902,106,0.122902
11,15000001,15500000,0.140186,198,0.140186
11,15500001,16000000,0.194616,646,0.194616
11,16000001,16500000,0.023918,62,0.023918
11,16500001,17000000,0.06268,306,0.06268
11,17000001,17500000,0.102632,434,0.102632
11,17500001,18000000,0.058826,122,0.058826
11,18000001,18500000,0.115958,296,0.115958
11,18500001,19000000,0.278198,704,0.278198
11,19000001,19500000,0.03634,100,0.03634
11,19500001,20000000,0.08244,188,0.08244
11,20000001,20500000,0,0,0
12,1,500000,0.13442,388,0.13442
12,500001,1000000,0.098568,222,0.098568
12,1000001,1500000,0.344296,1274,0.344296
12,1500001,2000000,0.101916,440,0.101916
12,2000001,2500000,0.135016,484,0.135016
12,2500001,3000000,0.206636,500,0.206636
12,3000001,3500000,0.368356,1120,0.368356
12,3500001,4000000,0.423522,1808,0.423522
12,4000001,4500000,0.265312,470,0.265312
12,4500001,5000000,0.171036,670,0.171036
12,5000001,5500000,0.384454,1684,0.384454
12,5500001,6000000,0.047518,224,0.047518
12,6000001,6500000,0.282888,1348,0.282888
12,6500001,7000000,0.507042,2592,0.507042
12,7000001,7500000,0.050822,452,0.050822
12,7500001,8000000,0.14358,454,0.14358
12,8000001,8500000,0.560628,2384,0.560628
12,8500001,9000000,0.282924,1314,0.282924
12,9000001,9500000,0.156604,360,0.156604
12,9500001,10000000,0.111184,316,0.111184
12,10000001,10500000,0.08781,196,0.08781
12,10500001,11000000,0.316764,1242,0.316764
12,11000001,11500000,0.39921,1674,0.39921
12,11500001,12000000,0.512924,1958,0.512924
12,12000001,12500000,0.011374,90,0.011374
12,12500001,13000000,0.021208,66,0.021208
12,13000001,13500000,0.053252,152,0.053252
12,13500001,14000000,0.209048,680,0.209048
12,14000001,14500000,0.244202,934,0.244202
12,14500001,15000000,0.115018,208,0.115018
12,15000001,15500000,0.043008,90,0.043008
12,15500001,16000000,0.284708,958,0.284708
12,16000001,16500000,0.150614,502,0.150614
12,16500001,17000000,0.065214,172,0.065214
12,17000001,17500000,0.07556,192,0.07556
12,17500001,18000000,0.197978,668,0.197978
12,18000001,18500000,0.017166,96,0.017166
12,18500001,19000000,0.111322,350,0.111322
12,19000001,19500000,0.226566,1202,0.226566
12,19500001,20000000,0.052118,158,0.052118
12,20000001,20500000,0.504098,1172,0.504098
13,1,500000,0.575666,1240,0.575666
13,500001,1000000,0.096224,370,0.096224
13,1000001,1500000,0.41398,1180,0.41398
13,1500001,2000000,0.202536,878,0.202536
13,2000001,2500000,0.066296,108,0.066296
13,2500001,3000000,0.052662,66,0.052662
13,3000001,3500000,0.76257,2894,0.76257
13,3500001,4000000,0.173064,634,0.173064
13,4000001,4500000,0.136952,256,0.136952
13,4500001,5000000,0.193552,456,0.193552
13,5000001,5500000,0.234308,406,0.234308
13,5500001,6000000,0.060418,116,0.060418
13,6000001,6500000,0.34805,1172,0.34805
13,6500001,7000000,0.398958,1576,0.398958
13,7000001,7500000,0.150154,338,0.150154
13,7500001,8000000,0.259106,912,0.259106
13,8000001,8500000,0.028186,70,0.028186
13,8500001,9000000,0.136494,270,0.136494
13,9000001,9500000,0.18374,584,0.18374
13,9500001,10000000,0.104126,268,0.104126
13,10000001,10500000,0.502598,1518,0.502598
13,10500001,11000000,0.27192,998,0.27192
13,11000001,11500000,0.091534,250,0.091534
13,11500001,12000000,0.02662,86,0.02662
13,12000001,12500000,0.002112,12,0.002112
13,12500001,13000000,0.005962,10,0.005962
13,13000001,13500000,0.04159,192,0.04159
13,13500001,14000000,0.441262,1434,0.441262
13,14000001,14500000,0.112062,274,0.112062
13,14500001,15000000,0.347398,876,0.347398
13,15000001,15500000,0.312356,1206,0.312356
13,15500001,16000000,0.159458,494,0.159458
13,16000001,16500000,0.19256,590,0.19256
14,1,500000,0.842382,3124,0.842382
14,500001,1000000,0.116826,504,0.116826
14,1000001,1500000,0.334822,1174,0.334822
14,1500001,2000000,0.504042,2510,0.504042
14,2000001,2500000,0.453656,1392,0.453656
14,2500001,3000000,0.388124,1764,0.388124
14,3000001,3500000,0.071496,274,0.071496
14,3500001,4000000,0.006488,52,0.006488
14,4000001,4500000,0.126132,438,0.126132
14,4500001,5000000,0.020612,52,0.020612
14,5000001,5500000,0.133644,322,0.133644
14,5500001,6000000,0.07025,176,0.07025
14,6000001,6500000,0.310192,1170,0.310192
14,6500001,7000000,0.167654,244,0.167654
14,7000001,7500000,0.475098,1588,0.475098
14,7500001,8000000,0.166598,572,0.166598
14,8000001,8500000,0.272104,1094,0.272104
14,8500001,9000000,0.481716,2038,0.481716
14,9000001,9500000,0.378082,1254,0.378082
14,9500001,10000000,0.12228,516,0.12228
14,10000001,10500000,0.102046,178,0.102046
14,10500001,11000000,0.233104,644,0.233104
14,11000001,11500000,0.239142,744,0.239142
14,11500001,12000000,0.144606,422,0.144606
14,12000001,12500000,0.068602,378,0.068602
14,12500001,13000000,0.449246,958,0.449246
14,13000001,13500000,0.208206,854,0.208206
14,13500001,14000000,0.531006,1498,0.531006
14,14000001,14500000,0.169406,354,0.169406
14,14500001,15000000,0.32491,1386,0.32491
14,15000001,15500000,0.25297,1262,0.25297
14,15500001,16000000,0.505214,1678,0.505214
14,16000001,16500000,0.217146,500,0.217146
15,1,500000,0.150448,698,0.150448
15,500001,1000000,0.20508,730,0.20508
15,1000001,1500000,0.013956,30,0.013956
15,1500001,2000000,0.162038,916,0.162038
15,2000001,2500000,0.493618,2298,0.493618
15,2500001,3000000,0.36577,1176,0.36577
15,3000001,3500000,0.809024,2984,0.809024
15,3500001,4000000,0.734442,2234,0.734442
15,4000001,4500000,0.647904,2466,0.647904
15,4500001,5000000,0.09622,310,0.09622
15,5000001,5500000,0.36711,1168,0.36711
15,5500001,6000000,0.53742,2126,0.53742
15,6000001,6500000,0.007216,32,0.007216
15,6500001,7000000,0.297388,674,0.297388
15,7000001,7500000,0.461118,1102,0.461118
15,7500001,8000000,0.228402,690,0.228402
15,8000001,8500000,0.269412,924,0.269412
15,8500001,9000000,0.060548,152,0.060548
15,9000001,9500000,0.054406,198,0.054406
15,9500001,10000000,0.185374,692,0.185374
15,10000001,10500000,0.492116,2106,0.492116
15,10500001,11000000,0.599516,1800,0.599516
15,11000001,11500000,0.448588,878,0.448588
15,11500001,12000000,0.278112,1168,0.278112
15,12000001,12500000,0.451868,2466,0.451868
15,12500001,13000000,0.177308,480,0.177308
15,13000001,13500000,0.042292,90,0.042292
15,13500001,14000000,0.260578,1232,0.260578
17,1,500000,0.275072,738,0.275072
17,500001,1000000,0.336446,1072,0.336446
17,1000001,1500000,0.303378,952,0.303378
17,1500001,2000000,0.526036,1482,0.526036
17,2000001,2500000,0.490784,2142,0.490784
17,2500001,3000000,0.372864,1220,0.372864
17,3000001,3500000,0.089044,596,0.089044
17,3500001,4000000,0.459874,1876,0.459874
17,4000001,4500000,0.301598,958,0.301598
17,4500001,5000000,0.686774,2916,0.686774
17,5000001,5500000,0.323022,1220,0.323022
17,5500001,6000000,0.71558,3342,0.71558
17,6000001,6500000,0.20139,826,0.20139
17,6500001,7000000,0.023112,46,0.023112
17,7000001,7500000,0.03291,22,0.03291
17,7500001,8000000,0.051862,148,0.051862
17,8000001,8500000,0.123482,344,0.123482
17,8500001,9000000,0.215882,1336,0.215882
17,9000001,9500000,0.276112,1260,0.276112
17,9500001,10000000,0.424124,1102,0.424124
17,10000001,10500000,0.516118,1946,0.516118
18,1,500000,0.6275,3006,0.6275
18,500001,1000000,0.415064,1880,0.415064
18,1000001,1500000,0.29052,1150,0.29052
18,1500001,2000000,0.00421,20,0.00421
18,2000001,2500000,0.177016,614,0.177016
18,2500001,3000000,0.112978,626,0.112978
18,3000001,3500000,0.441666,1542,0.441666
18,3500001,4000000,0.599764,2098,0.599764
18,4000001,4500000,0.274806,456,0.274806
18,4500001,5000000,0.15535,536,0.15535
18,5000001,5500000,0.04907,302,0.04907
18,5500001,6000000,1.213384,2890,1
18,6000001,6500000,0.349826,1016,0.349826
18,6500001,7000000,0.674904,2800,0.674904
18,7000001,7500000,0.39017,1712,0.39017
18,7500001,8000000,0.239352,672,0.239352
18,8000001,8500000,0.140172,442,0.140172
18,8500001,9000000,0.116646,548,0.116646
18,9000001,9500000,0.1756,620,0.1756
18,9500001,10000000,0.08789,412,0.08789
18,10000001,10500000,0.082452,316,0.082452
18,10500001,11000000,0.286384,1204,0.286384
18,11000001,11500000,0.077068,174,0.077068
18,11500001,12000000,0,0,0
19,1,500000,0.584702,2310,0.584702
19,500001,1000000,0.131738,314,0.131738
19,1000001,1500000,7.48e-4,8,7.48e-4
19,1500001,2000000,0.107398,142,0.107398
19,2000001,2500000,0.480124,2334,0.480124
19,2500001,3000000,0.28224,952,0.28224
19,3000001,3500000,0.31167,1026,0.31167
19,3500001,4000000,0.565036,1240,0.565036
19,4000001,4500000,0.242198,926,0.242198
19,4500001,5000000,0.622994,2190,0.622994
19,5000001,5500000,0.350402,1578,0.350402
19,5500001,6000000,0.658184,2332,0.658184
19,6000001,6500000,0.50426,1534,0.50426
19,6500001,7000000,0.406408,1372,0.406408
19,7000001,7500000,0.593334,1282,0.593334
19,7500001,8000000,0.14173,650,0.14173
19,8000001,8500000,0.217,880,0.217
19,8500001,9000000,0.265572,700,0.265572
19,9000001,9500000,0.379734,1468,0.379734
19,9500001,10000000,0.370252,1242,0.370252
20,1,500000,0.386792,1536,0.386792
20,500001,1000000,0.56446,1836,0.56446
20,1000001,1500000,0.287454,952,0.287454
20,1500001,2000000,0.188862,338,0.188862
20,2000001,2500000,0.102362,314,0.102362
20,2500001,3000000,0.114406,410,0.114406
20,3000001,3500000,0.045632,202,0.045632
20,3500001,4000000,0.218878,606,0.218878
20,4000001,4500000,0.10065,326,0.10065
20,4500001,5000000,5.32e-4,6,5.32e-4
20,5000001,5500000,0.231242,544,0.231242
20,5500001,6000000,0.268972,598,0.268972
20,6000001,6500000,0.352254,1494,0.352254
20,6500001,7000000,0.36652,1464,0.36652
20,7000001,7500000,0.472336,1324,0.472336
20,7500001,8000000,0.569414,1938,0.569414
20,8000001,8500000,0.26805,730,0.26805
20,8500001,9000000,0.495628,990,0.495628
20,9000001,9500000,0.19993,506,0.19993
20,9500001,10000000,0.197428,700,0.197428
20,10000001,10500000,0.029422,74,0.029422
20,10500001,11000000,0.19836,872,0.19836
20,11000001,11500000,0.247782,550,0.247782
20,11500001,12000000,0.15249,416,0.15249
20,12000001,12500000,0.074928,194,0.074928
20,12500001,13000000,0.119028,304,0.119028
20,13000001,13500000,0.115518,230,0.115518
20,13500001,14000000,0.131998,292,0.131998
20,14000001,14500000,0.246696,1098,0.246696
20,14500001,15000000,0.439218,1396,0.439218
21,1,500000,0.647458,3102,0.647458
21,500001,1000000,0.268112,700,0.268112
21,1000001,1500000,0.329092,976,0.329092
21,1500001,2000000,0.234138,530,0.234138
21,2000001,2500000,0.225152,772,0.225152
21,2500001,3000000,0.592976,1860,0.592976
21,3000001,3500000,0.248186,636,0.248186
21,3500001,4000000,0.348016,1732,0.348016
21,4000001,4500000,0.247228,830,0.247228
21,4500001,5000000,0.254492,818,0.254492
21,5000001,5500000,0.451984,1542,0.451984
21,5500001,6000000,0.360702,870,0.360702
21,6000001,6500000,0.099044,302,0.099044
21,6500001,7000000,0.231818,452,0.231818
21,7000001,7500000,0.360056,1448,0.360056
21,7500001,8000000,0.04718,98,0.04718
22,1,500000,0.418736,1928,0.418736
22,500001,1000000,0.082444,378,0.082444
22,1000001,1500000,0.070252,84,0.070252
22,1500001,2000000,0.183074,904,0.183074
22,2000001,2500000,0.308558,1070,0.308558
22,2500001,3000000,0.220566,970,0.220566
22,3000001,3500000,0.012336,54,0.012336
22,3500001,4000000,0.395896,1390,0.395896
22,4000001,4500000,0.22234400000000001,990,0.22234400000000001
23,1,500000,0.422786,1250,0.422786
23,500001,1000000,0.267458,1070,0.267458
23,1000001,1500000,0.360042,1238,0.360042
23,1500001,2000000,0.342244,1146,0.342244
23,2000001,2500000,0.20196,1224,0.20196
23,2500001,3000000,0.217704,764,0.217704
23,3000001,3500000,0.433236,1516,0.433236
23,3500001,4000000,0.130512,348,0.130512
23,4000001,4500000,0.341236,572,0.341236
23,4500001,5000000,0.235356,796,0.235356
23,5000001,5500000,0.09907,116,0.09907
23,5500001,6000000,0.040458,154,0.040458
23,6000001,6500000,0.331754,1882,0.331754
23,6500001,7000000,0.16568,442,0.16568
24,1,500000,0.545998,2200,0.545998
24,500001,1000000,0.214852,1114,0.214852
24,1000001,1500000,0.26005,1060,0.26005
24,1500001,2000000,0.324372,1010,0.324372
24,2000001,2500000,0.140872,604,0.140872
24,2500001,3000000,0.450788,1156,0.450788
24,3000001,3500000,0.19727,564,0.19727
24,3500001,4000000,0.211108,622,0.211108
24,4000001,4500000,0.057598,120,0.057598
24,4500001,5000000,0.124048,264,0.124048
24,5000001,5500000,0.42558,1400,0.42558
24,5500001,6000000,0.018382,58,0.018382
24,6000001,6500000,0.203936,380,0.203936
24,6500001,7000000,0.272378,1172,0.272378
25LG1,1,500000,0.550998,1814,0.550998
25LG1,500001,1000000,0.591708,2604,0.591708
25LG1,1000001,1500000,0.02495,40,0.02495
26,1,500000,0.437702,1700,0.437702
26,500001,1000000,0.12565,654,0.12565
26,1000001,1500000,0.19604,932,0.19604
26,1500001,2000000,0.32396200000000003,854,0.32396200000000003
26,2000001,2500000,0.357042,928,0.357042
26,2500001,3000000,0.821606,2390,0.821606
26,3000001,3500000,0.429846,1370,0.429846
26,3500001,4000000,0.322376,1160,0.322376
26,4000001,4500000,0.30687,762,0.30687
26,4500001,5000000,0.475924,2432,0.475924
26,5000001,5500000,0.252654,982,0.252654
26,5500001,6000000,0.125258,518,0.125258
26,6000001,6500000,0.188746,632,0.188746
26,6500001,7000000,0.052076,172,0.052076
25LG2,1,500000,0.289688,1334,0.289688
25LG2,500001,1000000,0.352836,1622,0.352836
27,1,500000,0.685686,2174,0.685686
27,500001,1000000,0.324188,1534,0.324188
27,1000001,1500000,0.340784,1312,0.340784
27,1500001,2000000,0.583666,2192,0.583666
27,2000001,2500000,0.258136,926,0.258136
27,2500001,3000000,0.260462,858,0.260462
27,3000001,3500000,0.376414,1484,0.376414
27,3500001,4000000,0.02491,126,0.02491
27,4000001,4500000,0.207788,550,0.207788
28,1,500000,0.471374,1214,0.471374
28,500001,1000000,0.46387,1574,0.46387
28,1000001,1500000,0.28799,674,0.28799
28,1500001,2000000,0.266128,1014,0.266128
28,2000001,2500000,0.584812,2568,0.584812
28,2500001,3000000,0.620396,1526,0.620396
28,3000001,3500000,0.400822,1668,0.400822
28,3500001,4000000,0.285526,1008,0.285526
28,4000001,4500000,0.254034,1196,0.254034
28,4500001,5000000,0.46257,1510,0.46257
28,5000001,5500000,0.068394,336,0.068394
LGE22,1,500000,0.315314,1050,0.315314
LGE22,500001,1000000,0.15828,736,0.15828
Z,1,500000,0.15927,524,0.15927
Z,500001,1000000,0.128504,548,0.128504
Z,1000001,1500000,0.089174,224,0.089174
Z,1500001,2000000,0.223282,732,0.223282
Z,2000001,2500000,0.114382,626,0.114382
Z,2500001,3000000,0.040474,22,0.040474
Z,3000001,3500000,0.021329999999999998,24,0.021329999999999998
Z,3500001,4000000,0.042097999999999997,236,0.042097999999999997
Z,4000001,4500000,0.007264,36,0.007264
Z,4500001,5000000,0.0255,20,0.0255
Z,5000001,5500000,0,0,0
Z,5500001,6000000,0.018746,38,0.018746
Z,6000001,6500000,0.00338,52,0.00338
Z,6500001,7000000,0.135902,450,0.135902
Z,7000001,7500000,0.271362,548,0.271362
Z,7500001,8000000,0.08341,340,0.08341
Z,8000001,8500000,0.31642,926,0.31642
Z,8500001,9000000,0.437224,1598,0.437224
Z,9000001,9500000,0.266842,1032,0.266842
Z,9500001,10000000,0.080936,170,0.080936
Z,10000001,10500000,0.636452,892,0.636452
Z,10500001,11000000,0.472728,1674,0.472728
Z,11000001,11500000,0.2858,1478,0.2858
Z,11500001,12000000,0.139664,358,0.139664
Z,12000001,12500000,0.13621,554,0.13621
Z,12500001,13000000,0.119084,386,0.119084
Z,13000001,13500000,0.132478,326,0.132478
Z,13500001,14000000,0.159142,332,0.159142
Z,14000001,14500000,0.016254,26,0.016254
Z,14500001,15000000,0.131326,264,0.131326
Z,15000001,15500000,7.88e-4,6,7.88e-4
Z,15500001,16000000,0.14167,294,0.14167
Z,16000001,16500000,0.218274,318,0.218274
Z,16500001,17000000,0.168508,742,0.168508
Z,17000001,17500000,0.114654,408,0.114654
Z,17500001,18000000,0.065346,204,0.065346
Z,18000001,18500000,0.022242,92,0.022242
Z,18500001,19000000,0.092198,196,0.092198
Z,19000001,19500000,0.076388,378,0.076388
Z,19500001,20000000,0.05431,152,0.05431
Z,20000001,20500000,0.300664,1104,0.300664
Z,20500001,21000000,0.461794,1194,0.461794
Z,21000001,21500000,0.068318,118,0.068318
Z,21500001,22000000,0.195852,584,0.195852
Z,22000001,22500000,0.229004,364,0.229004
Z,22500001,23000000,0.110108,476,0.110108
Z,23000001,23500000,0.132606,606,0.132606
Z,23500001,24000000,0.29114,952,0.29114
Z,24000001,24500000,0.19079,718,0.19079
Z,24500001,25000000,0.19321,678,0.19321
Z,25000001,25500000,0.160004,734,0.160004
Z,25500001,26000000,0.063564,188,0.063564
Z,26000001,26500000,0.342344,722,0.342344
Z,26500001,27000000,0.460818,1386,0.460818
Z,27000001,27500000,0.267146,980,0.267146
Z,27500001,28000000,0.088838,368,0.088838
Z,28000001,28500000,0.537776,3018,0.537776
Z,28500001,29000000,0.022024,402,0.022024
Z,29000001,29500000,0.025056,176,0.025056
Z,29500001,30000000,0,0,0
Z,30000001,30500000,0.30253,1670,0.30253
Z,30500001,31000000,0.356204,896,0.356204
Z,31000001,31500000,0.079544,264,0.079544
Z,31500001,32000000,0.01885,90,0.01885
Z,32000001,32500000,0.018026,88,0.018026
Z,32500001,33000000,0.271796,814,0.271796
Z,33000001,33500000,0.176378,690,0.176378
Z,33500001,34000000,0.384456,1376,0.384456
Z,34000001,34500000,0.076418,222,0.076418
Z,34500001,35000000,0.033978,94,0.033978
Z,35000001,35500000,0.063028,210,0.063028
Z,35500001,36000000,0.038592,70,0.038592
Z,36000001,36500000,0.191952,838,0.191952
Z,36500001,37000000,0.309078,890,0.309078
Z,37000001,37500000,0.043428,146,0.043428
Z,37500001,38000000,0.244974,906,0.244974
Z,38000001,38500000,0.125128,546,0.125128
Z,38500001,39000000,0.033138,92,0.033138
Z,39000001,39500000,0.067356,146,0.067356
Z,39500001,40000000,0.051082,62,0.051082
Z,40000001,40500000,0.312078,528,0.312078
Z,40500001,41000000,0.133034,456,0.133034
Z,41000001,41500000,0.271942,306,0.271942
Z,41500001,42000000,0.236822,266,0.236822
Z,42000001,42500000,0.057778,244,0.057778
Z,42500001,43000000,0.230638,948,0.230638
Z,43000001,43500000,0.14435,136,0.14435
Z,43500001,44000000,0.404888,734,0.404888
Z,44000001,44500000,0.25815,512,0.25815
Z,44500001,45000000,0.110154,176,0.110154
Z,45000001,45500000,0.053402,188,0.053402
Z,45500001,46000000,0.259376,854,0.259376
Z,46000001,46500000,0.095712,324,0.095712
Z,46500001,47000000,0.211186,854,0.211186
Z,47000001,47500000,0.050708,20,0.050708
Z,47500001,48000000,0,0,0
Z,48000001,48500000,0.024208,54,0.024208
Z,48500001,49000000,0.337982,604,0.337982
Z,49000001,49500000,0.06637,54,0.06637
Z,49500001,50000000,0.076106,114,0.076106
Z,50000001,50500000,0.12524,332,0.12524
Z,50500001,51000000,0.369288,1112,0.369288
Z,51000001,51500000,0.312374,952,0.312374
Z,51500001,52000000,0.21597,456,0.21597
Z,52000001,52500000,0.067538,202,0.067538
Z,52500001,53000000,0.113542,386,0.113542
Z,53000001,53500000,0.00764,26,0.00764
Z,53500001,54000000,0.298072,810,0.298072
Z,54000001,54500000,0.120284,154,0.120284
Z,54500001,55000000,0.232348,206,0.232348
Z,55000001,55500000,0.171508,740,0.171508
Z,55500001,56000000,0.092926,224,0.092926
Z,56000001,56500000,0.017938,36,0.017938
Z,56500001,57000000,0.15858,314,0.15858
Z,57000001,57500000,0.06953,138,0.06953
Z,57500001,58000000,0.202484,440,0.202484
Z,58000001,58500000,0.244196,486,0.244196
Z,58500001,59000000,0.104302,90,0.104302
Z,59000001,59500000,0.725356,2066,0.725356
Z,59500001,60000000,0.005352,4,0.005352
Z,60000001,60500000,0.099842,150,0.099842
Z,60500001,61000000,0.27596,536,0.27596
Z,61000001,61500000,0.332814,1258,0.332814
Z,61500001,62000000,0.215876,672,0.215876
Z,62000001,62500000,0.05219,168,0.05219
Z,62500001,63000000,0.062794,182,0.062794
Z,63000001,63500000,0.093932,222,0.093932
Z,63500001,64000000,0.227164,668,0.227164
Z,64000001,64500000,0.073282,158,0.073282
Z,64500001,65000000,0.694008,2818,0.694008
Z,65000001,65500000,0.034958,100,0.034958
Z,65500001,66000000,0.007062,16,0.007062
Z,66000001,66500000,0.01377,12,0.01377
Z,66500001,67000000,0.049924,82,0.049924
Z,67000001,67500000,0.024922,152,0.024922
Z,67500001,68000000,0.135182,346,0.135182
Z,68000001,68500000,0.07941,182,0.07941
Z,68500001,69000000,0.333068,444,0.333068
Z,69000001,69500000,0.09692,598,0.09692
Z,69500001,70000000,0.127362,280,0.127362
Z,70000001,70500000,0.18233,276,0.18233
Z,70500001,71000000,0.094886,224,0.094886
Z,71000001,71500000,0.092272,326,0.092272
Z,71500001,72000000,0.075556,136,0.075556
Z,72000001,72500000,0.023254,32,0.023254
Z,72500001,73000000,0.111266,204,0.111266
Z,73000001,73500000,0.04285,100,0.04285
Z,73500001,74000000,0.310224,1022,0.310224
Z,74000001,74500000,0.34419,976,0.34419
Z,74500001,75000000,0.007712,62,0.007712
NC_040875.1,1,500000,0,0,0
NC_040875.1,500001,1000000,0,0,0
NC_040875.1,1000001,1500000,0,0,0
NC_040875.1,1500001,2000000,0,0,0
NC_040875.1,2000001,2500000,0,0,0
NC_040875.1,2500001,3000000,0,0,0
NC_040875.1,3000001,3500000,0,0,0
NC_040875.1,3500001,4000000,0,0,0
NC_040875.1,4000001,4500000,0,0,0
NC_040875.1,4500001,5000000,0,0,0
NC_040875.1,5000001,5500000,0,0,0
NC_040875.1,5500001,6000000,0,0,0
NC_040875.1,6000001,6500000,0,0,0
NC_040875.1,6500001,7000000,0,0,0
NC_040875.1,7000001,7500000,0,0,0
NC_040875.1,7500001,8000000,0,0,0
NC_040875.1,8000001,8500000,0,0,0
NC_040875.1,8500001,9000000,0,0,0
NC_040875.1,9000001,9500000,0,0,0
NC_040875.1,9500001,10000000,0,0,0
NC_040875.1,10000001,10500000,0,0,0
NC_040875.1,10500001,11000000,0,0,0
NC_040875.1,11000001,11500000,0,0,0
NC_040875.1,11500001,12000000,0,0,0
NC_040875.1,12000001,12500000,0,0,0
NC_040875.1,12500001,13000000,0,0,0
NC_040875.1,13000001,13500000,0,0,0
NC_040875.1,13500001,14000000,0,0,0
NC_040875.1,14000001,14500000,0,0,0
NC_040875.1,14500001,15000000,0,0,0
NC_040875.1,15000001,15500000,0,0,0
NC_040875.1,15500001,16000000,0,0,0
NC_040875.1,16000001,16500000,0,0,0
NC_040875.1,16500001,17000000,0,0,0
NC_040875.1,17000001,17500000,0,0,0
NC_040875.1,17500001,18000000,0,0,0
NC_040875.1,18000001,18500000,0,0,0
NC_040875.1,18500001,19000000,0,0,0
NC_040875.1,19000001,19500000,0,0,0
NC_040875.1,19500001,20000000,0,0,0
NC_040875.1,20000001,20500000,0,0,0
NC_040875.1,20500001,21000000,0,0,0
NC_040875.1,21000001,21500000,0,0,0
NC_040875.1,21500001,22000000,0,0,0
NC_040875.1,22000001,22500000,0,0,0
NC_040875.1,22500001,23000000,0,0,0
NC_040875.1,23000001,23500000,0,0,0
NC_040875.1,23500001,24000000,0,0,0
NC_040875.1,24000001,24500000,0,0,0
NC_040875.1,24500001,25000000,0,0,0
NC_040875.1,25000001,25500000,0,0,0
NC_040875.1,25500001,26000000,0,0,0
NC_040875.1,26000001,26500000,0,0,0
NC_040875.1,26500001,27000000,0,0,0
NC_040875.1,27000001,27500000,0,0,0
NC_040875.1,27500001,28000000,0,0,0
NC_040875.1,28000001,28500000,0,0,0
NC_040875.1,28500001,29000000,0,0,0
NC_040875.1,29000001,29500000,0,0,0
NC_040875.1,29500001,30000000,0,0,0
NC_040875.1,30000001,30500000,0,0,0
NC_040875.1,30500001,31000000,0,0,0
NC_040875.1,31000001,31500000,0,0,0
NC_040875.1,31500001,32000000,0,0,0
NC_040875.1,32000001,32500000,0,0,0
NC_040875.1,32500001,33000000,0,0,0
NC_040875.1,33000001,33500000,0,0,0
NC_040875.1,33500001,34000000,0,0,0
NC_040875.1,34000001,34500000,0,0,0
NC_040875.1,34500001,35000000,0,0,0
NC_040875.1,35000001,35500000,0,0,0
NC_040875.1,35500001,36000000,0,0,0
NC_040875.1,36000001,36500000,0,0,0
NC_040875.1,36500001,37000000,0,0,0
NC_040875.1,37000001,37500000,0,0,0
NC_040875.1,37500001,38000000,0,0,0
NC_040875.1,38000001,38500000,0,0,0
NC_040875.1,38500001,39000000,0,0,0
NC_040875.1,39000001,39500000,0,0,0
NC_040875.1,39500001,40000000,0,0,0
NC_040875.1,40000001,40500000,0,0,0
NC_040875.1,40500001,41000000,0,0,0
NC_040875.1,41000001,41500000,0,0,0
NC_040875.1,41500001,42000000,0,0,0
NC_040875.1,42000001,42500000,0,0,0
NC_040875.1,42500001,43000000,0,0,0
NC_040875.1,43000001,43500000,0,0,0
NC_040875.1,43500001,44000000,0,0,0
NC_040875.1,44000001,44500000,0,0,0
NC_040875.1,44500001,45000000,0,0,0
NC_040875.1,45000001,45500000,0,0,0
NC_040875.1,45500001,46000000,0,0,0
NC_040875.1,46000001,46500000,0,0,0
NC_040875.1,46500001,47000000,0,0,0
NC_040875.1,47000001,47500000,0,0,0
NC_040875.1,47500001,48000000,0,0,0
-,1,500000,0,0,0
-,500001,1000000,0,0,0
-,1000001,1500000,0,0,0
-,1500001,2000000,0,0,0
-,2000001,2500000,0,0,0
-,2500001,3000000,0,0,0
-,3000001,3500000,0,0,0
-,3500001,4000000,0,0,0
-,4000001,4500000,0,0,0
-,4500001,5000000,0,0,0
-,5000001,5500000,0,0,0
-,5500001,6000000,0,0,0
-,6000001,6500000,0,0,0
-,6500001,7000000,0,0,0
-,7000001,7500000,0,0,0
-,7500001,8000000,0,0,0
-,8000001,8500000,0,0,0
-,8500001,9000000,0,0,0
-,9000001,9500000,0,0,0
-,9500001,10000000,0,0,0
-,10000001,10500000,0,0,0
-,10500001,11000000,0,0,0
-,11000001,11500000,0,0,0
-,11500001,12000000,0,0,0
-,12000001,12500000,0,0,0
-,12500001,13000000,0,0,0
-,13000001,13500000,0,0,0
-,13500001,14000000,0,0,0
-,14000001,14500000,0,0,0
-,14500001,15000000,0,0,0
-,15000001,15500000,0,0,0
-,15500001,16000000,0,0,0
-,16000001,16500000,0,0,0
-,16500001,17000000,0,0,0
-,17000001,17500000,0,0,0
-,17500001,18000000,0,0,0
-,18000001,18500000,0,0,0
-,18500001,19000000,0,0,0
-,19000001,19500000,0,0,0
-,19500001,20000000,0,0,0
-,20000001,20500000,0,0,0
-,20500001,21000000,0,0,0
-,21000001,21500000,0,0,0
-,21500001,22000000,0,0,0
